date,team,points,o:team,o:points,total
20151027,Bulls,97,Cavaliers,95,197.5
20151027,Cavaliers,95,Bulls,97,197.5
20151027,Hawks,94,Pistons,106,197.5
20151027,Pistons,106,Hawks,94,197.5
20151027,Warriors,111,Pelicans,95,213.5
20151027,Pelicans,95,Warriors,111,213.5
20151028,Bucks,97,Knicks,122,194.5
20151028,Knicks,122,Bucks,97,194.5
20151028,Celtics,112,Seventysixers,95,198
20151028,Seventysixers,95,Celtics,112,198
20151028,Grizzlies,76,Cavaliers,106,187.5
20151028,Cavaliers,106,Grizzlies,76,187.5
20151028,Heat,104,Hornets,94,193.5
20151028,Hornets,94,Heat,104,193.5
20151028,Kings,104,Clippers,111,211.5
20151028,Clippers,111,Kings,104,211.5
20151028,Lakers,111,Timberwolves,112,202.5
20151028,Timberwolves,112,Lakers,111,202.5
20151028,Magic,87,Wizards,88,203.5
20151028,Wizards,88,Magic,87,203.5
20151028,Nets,100,Bulls,115,196.5
20151028,Bulls,115,Nets,100,196.5
20151028,Pistons,92,Jazz,87,190
20151028,Jazz,87,Pistons,92,190
20151028,Raptors,106,Pacers,99,199.5
20151028,Pacers,99,Raptors,106,199.5
20151028,Rockets,85,Nuggets,105,212
20151028,Nuggets,105,Rockets,85,212
20151028,Suns,95,Mavericks,111,204.5
20151028,Mavericks,111,Suns,95,204.5
20151028,Thunder,112,Spurs,106,208
20151028,Spurs,106,Thunder,112,208
20151028,Trailblazers,112,Pelicans,94,206
20151028,Pelicans,94,Trailblazers,112,206
20151029,Clippers,104,Mavericks,88,211.5
20151029,Mavericks,88,Clippers,104,211.5
20151029,Knicks,101,Hawks,112,199
20151029,Hawks,112,Knicks,101,199
20151029,Pacers,103,Grizzlies,112,190.5
20151029,Grizzlies,112,Pacers,103,190.5
20151030,Bucks,113,Wizards,118,200.5
20151030,Wizards,118,Bucks,113,200.5
20151030,Cavaliers,102,Heat,92,199.5
20151030,Heat,92,Cavaliers,102,199.5
20151030,Celtics,103,Raptors,113,202.5
20151030,Raptors,113,Celtics,103,202.5
20151030,Hawks,97,Hornets,94,194
20151030,Hornets,94,Hawks,97,194
20151030,Kings,132,Lakers,114,211
20151030,Lakers,114,Kings,132,211
20151030,Magic,136,Thunder,139,207
20151030,Thunder,139,Magic,136,207
20151030,Nuggets,78,Timberwolves,95,205
20151030,Timberwolves,95,Nuggets,78,205
20151030,Pistons,98,Bulls,94,202.5
20151030,Bulls,94,Pistons,98,202.5
20151030,Rockets,92,Warriors,112,215.5
20151030,Warriors,112,Rockets,92,215.5
20151030,Seventysixers,71,Jazz,99,186.5
20151030,Jazz,99,Seventysixers,71,186.5
20151030,Spurs,102,Nets,75,201.5
20151030,Nets,75,Spurs,102,201.5
20151030,Suns,110,Trailblazers,92,204
20151030,Trailblazers,92,Suns,110,204
20151031,Clippers,114,Kings,109,214.5
20151031,Kings,109,Clippers,114,214.5
20151031,Grizzlies,101,Nets,91,192
20151031,Nets,91,Grizzlies,101,192
20151031,Pacers,76,Jazz,97,191
20151031,Jazz,97,Pacers,76,191
20151031,Pelicans,120,Warriors,134,212.5
20151031,Warriors,134,Pelicans,120,212.5
20151031,Trailblazers,90,Suns,101,204.5
20151031,Suns,101,Trailblazers,90,204.5
20151031,Wizards,110,Knicks,117,205
20151031,Knicks,117,Wizards,110,205
20151101,Bulls,92,Magic,87,199
20151101,Magic,87,Bulls,92,199
20151101,Celtics,87,Spurs,95,201.5
20151101,Spurs,95,Celtics,87,201.5
20151101,Heat,109,Rockets,89,206
20151101,Rockets,89,Heat,109,206
20151101,Hornets,92,Hawks,94,194.5
20151101,Hawks,94,Hornets,92,194.5
20151101,Lakers,93,Mavericks,103,213
20151101,Mavericks,103,Lakers,93,213
20151101,Raptors,106,Bucks,87,200.5
20151101,Bucks,87,Raptors,106,200.5
20151101,Thunder,117,Nuggets,93,212
20151101,Nuggets,93,Thunder,117,212
20151102,Clippers,102,Suns,96,209.5
20151102,Suns,96,Clippers,102,209.5
20151102,Knicks,84,Spurs,94,202.5
20151102,Spurs,94,Knicks,84,202.5
20151102,Nets,96,Bucks,103,196.5
20151102,Bucks,103,Nets,96,196.5
20151102,Rockets,110,Thunder,105,216
20151102,Thunder,105,Rockets,110,216
20151102,Seventysixers,100,Cavaliers,107,195
20151102,Cavaliers,107,Seventysixers,100,195
20151102,Timberwolves,101,Trailblazers,106,205.5
20151102,Trailblazers,106,Timberwolves,101,205.5
20151102,Warriors,119,Grizzlies,69,203.5
20151102,Grizzlies,69,Warriors,119,203.5
20151103,Heat,92,Hawks,98,196
20151103,Hawks,98,Heat,92,196
20151103,Hornets,130,Bulls,105,194
20151103,Bulls,105,Hornets,130,194
20151103,Kings,89,Grizzlies,103,197
20151103,Grizzlies,103,Kings,89,197
20151103,Lakers,109,Nuggets,120,205.5
20151103,Nuggets,120,Lakers,109,205.5
20151103,Mavericks,91,Raptors,102,204
20151103,Raptors,102,Mavericks,91,204
20151103,Pelicans,94,Magic,103,204.5
20151103,Magic,103,Pelicans,94,204.5
20151103,Pistons,82,Pacers,94,200.5
20151103,Pacers,94,Pistons,82,200.5
20151104,Bucks,91,Seventysixers,87,195
20151104,Seventysixers,87,Bucks,91,195
20151104,Cavaliers,96,Knicks,86,204
20151104,Knicks,86,Cavaliers,96,204
20151104,Hawks,101,Nets,87,196.5
20151104,Nets,87,Hawks,101,196.5
20151104,Jazz,92,Trailblazers,108,189.5
20151104,Trailblazers,108,Jazz,92,189.5
20151104,Pacers,100,Celtics,98,203
20151104,Celtics,98,Pacers,100,203
20151104,Rockets,119,Magic,114,207.5
20151104,Magic,114,Rockets,119,207.5
20151104,Suns,118,Kings,97,209
20151104,Kings,97,Suns,118,209
20151104,Thunder,98,Raptors,103,211
20151104,Raptors,103,Thunder,98,211
20151104,Warriors,112,Clippers,108,219
20151104,Clippers,108,Warriors,112,219
20151104,Wizards,102,Spurs,99,201.5
20151104,Spurs,99,Wizards,102,201.5
20151105,Bulls,104,Thunder,98,211
20151105,Thunder,98,Bulls,104,211
20151105,Mavericks,94,Hornets,108,200.5
20151105,Hornets,108,Mavericks,94,200.5
20151105,Nuggets,84,Jazz,96,189.5
20151105,Jazz,96,Nuggets,84,189.5
20151105,Timberwolves,84,Heat,96,197
20151105,Heat,96,Timberwolves,84,197
20151105,Trailblazers,115,Grizzlies,96,193.5
20151105,Grizzlies,96,Trailblazers,115,193.5
20151106,Cavaliers,108,Seventysixers,102,196
20151106,Seventysixers,102,Cavaliers,108,196
20151106,Celtics,118,Wizards,98,210
20151106,Wizards,98,Celtics,118,210
20151106,Kings,110,Rockets,116,215.5
20151106,Rockets,116,Kings,110,215.5
20151106,Knicks,92,Bucks,99,196.5
20151106,Bucks,99,Knicks,92,196.5
20151106,Magic,92,Raptors,87,197
20151106,Raptors,87,Magic,92,197
20151106,Nets,98,Lakers,104,207.5
20151106,Lakers,104,Nets,98,207.5
20151106,Pacers,90,Heat,87,195
20151106,Heat,87,Pacers,90,195
20151106,Pelicans,115,Hawks,121,206
20151106,Hawks,121,Pelicans,115,206
20151106,Suns,92,Pistons,100,199
20151106,Pistons,100,Suns,92,199
20151106,Warriors,119,Nuggets,104,212.5
20151106,Nuggets,104,Warriors,119,212.5
20151107,Bucks,94,Nets,86,192.5
20151107,Nets,86,Bucks,94,192.5
20151107,Bulls,93,Timberwolves,102,200.5
20151107,Timberwolves,102,Bulls,93,200.5
20151107,Clippers,105,Rockets,109,214
20151107,Rockets,109,Clippers,105,214
20151107,Hawks,114,Wizards,99,206
20151107,Wizards,99,Hawks,114,206
20151107,Jazz,89,Grizzlies,79,180
20151107,Grizzlies,79,Jazz,89,180
20151107,Kings,94,Warriors,103,220.5
20151107,Warriors,103,Kings,94,220.5
20151107,Mavericks,107,Pelicans,98,209.5
20151107,Pelicans,98,Mavericks,107,209.5
20151107,Seventysixers,97,Magic,105,192
20151107,Magic,105,Seventysixers,97,192
20151107,Spurs,114,Hornets,94,194
20151107,Hornets,94,Spurs,114,194
20151108,Cavaliers,101,Pacers,97,196
20151108,Pacers,97,Cavaliers,101,196
20151108,Heat,96,Raptors,76,190
20151108,Raptors,76,Heat,96,190
20151108,Knicks,99,Lakers,95,209.5
20151108,Lakers,95,Knicks,99,209.5
20151108,Thunder,124,Suns,103,212.5
20151108,Suns,103,Thunder,124,212.5
20151108,Trailblazers,103,Pistons,120,199.5
20151108,Pistons,120,Trailblazers,103,199.5
20151109,Clippers,94,Grizzlies,92,200
20151109,Grizzlies,92,Clippers,94,200
20151109,Hawks,107,Timberwolves,117,205
20151109,Timberwolves,117,Hawks,107,205
20151109,Kings,88,Spurs,106,203
20151109,Spurs,106,Kings,88,203
20151109,Nuggets,108,Trailblazers,104,207
20151109,Trailblazers,104,Nuggets,108,207
20151109,Pacers,97,Magic,84,195
20151109,Magic,84,Pacers,97,195
20151109,Seventysixers,88,Bulls,111,198
20151109,Bulls,111,Seventysixers,88,198
20151109,Warriors,109,Pistons,95,208
20151109,Pistons,95,Warriors,109,208
20151110,Bucks,83,Celtics,99,202
20151110,Celtics,99,Bucks,83,202
20151110,Cavaliers,118,Jazz,114,187
20151110,Jazz,114,Cavaliers,118,187
20151110,Heat,101,Lakers,88,200
20151110,Lakers,88,Heat,101,200
20151110,Pelicans,120,Mavericks,105,211.5
20151110,Mavericks,105,Pelicans,120,211.5
20151110,Raptors,109,Knicks,111,196.5
20151110,Knicks,111,Raptors,109,196.5
20151110,Timberwolves,95,Hornets,104,200
20151110,Hornets,104,Timberwolves,95,200
20151110,Wizards,101,Thunder,125,218
20151110,Thunder,125,Wizards,101,218
20151111,Celtics,91,Pacers,102,202.5
20151111,Pacers,102,Celtics,91,202.5
20151111,Grizzlies,84,Warriors,100,200
20151111,Warriors,100,Grizzlies,84,200
20151111,Hawks,106,Pelicans,98,209
20151111,Pelicans,98,Hawks,106,209
20151111,Hornets,95,Knicks,93,198.5
20151111,Knicks,93,Hornets,95,198.5
20151111,Kings,101,Pistons,92,205
20151111,Pistons,92,Kings,101,205
20151111,Magic,101,Lakers,99,200.5
20151111,Lakers,99,Magic,101,200.5
20151111,Mavericks,118,Clippers,108,212.5
20151111,Clippers,108,Mavericks,118,212.5
20151111,Nuggets,103,Bucks,102,196
20151111,Bucks,102,Nuggets,103,196
20151111,Rockets,98,Nets,106,206
20151111,Nets,106,Rockets,98,206
20151111,Seventysixers,103,Raptors,119,194
20151111,Raptors,119,Seventysixers,103,194
20151111,Trailblazers,101,Spurs,113,206
20151111,Spurs,113,Trailblazers,101,206
20151112,Heat,92,Jazz,91,183.5
20151112,Jazz,91,Heat,92,183.5
20151112,Suns,118,Clippers,104,208
20151112,Clippers,104,Suns,118,208
20151112,Timberwolves,116,Warriors,129,211
20151112,Warriors,129,Timberwolves,116,211
20151113,Bulls,102,Hornets,97,199
20151113,Hornets,97,Bulls,102,199
20151113,Celtics,106,Hawks,93,206
20151113,Hawks,93,Celtics,106,206
20151113,Grizzlies,101,Trailblazers,100,195
20151113,Trailblazers,100,Grizzlies,101,195
20151113,Kings,111,Nets,109,203.5
20151113,Nets,109,Kings,111,203.5
20151113,Knicks,84,Cavaliers,90,200.5
20151113,Cavaliers,90,Knicks,84,200.5
20151113,Magic,102,Jazz,93,187.5
20151113,Jazz,93,Magic,102,187.5
20151113,Mavericks,90,Lakers,82,209
20151113,Lakers,82,Mavericks,90,209
20151113,Nuggets,107,Rockets,98,211
20151113,Rockets,98,Nuggets,107,211
20151113,Pacers,107,Timberwolves,103,200
20151113,Timberwolves,103,Pacers,107,200
20151113,Raptors,100,Pelicans,81,205.5
20151113,Pelicans,81,Raptors,100,205.5
20151113,Thunder,102,Seventysixers,85,207
20151113,Seventysixers,85,Thunder,102,207
20151114,Bucks,108,Cavaliers,105,196
20151114,Cavaliers,105,Bucks,108,196
20151114,Clippers,101,Pistons,96,198
20151114,Pistons,96,Clippers,101,198
20151114,Rockets,98,Mavericks,110,208.5
20151114,Mavericks,110,Rockets,98,208.5
20151114,Spurs,92,Seventysixers,83,194
20151114,Seventysixers,83,Spurs,92,194
20151114,Suns,105,Nuggets,81,205.5
20151114,Nuggets,81,Suns,105,205.5
20151114,Warriors,107,Nets,99,208.5
20151114,Nets,99,Warriors,107,208.5
20151114,Wizards,108,Magic,99,204.5
20151114,Magic,99,Wizards,108,204.5
20151115,Hawks,96,Jazz,97,193
20151115,Jazz,97,Hawks,96,193
20151115,Hornets,106,Trailblazers,94,204
20151115,Trailblazers,94,Hornets,106,204
20151115,Kings,107,Raptors,101,208
20151115,Raptors,101,Kings,107,208
20151115,Knicks,95,Pelicans,87,203
20151115,Pelicans,87,Knicks,95,203
20151115,Lakers,97,Pistons,85,200.5
20151115,Pistons,85,Lakers,97,200.5
20151115,Thunder,85,Celtics,100,210.5
20151115,Celtics,100,Thunder,85,210.5
20151115,Timberwolves,106,Grizzlies,114,195
20151115,Grizzlies,114,Timberwolves,106,195
20151116,Bulls,96,Pacers,95,197.5
20151116,Pacers,95,Bulls,96,197.5
20151116,Grizzlies,122,Thunder,114,200
20151116,Thunder,114,Grizzlies,122,200
20151116,Rockets,95,Celtics,111,207
20151116,Celtics,111,Rockets,95,207
20151116,Seventysixers,86,Mavericks,92,201
20151116,Mavericks,92,Seventysixers,86,201
20151116,Spurs,93,Trailblazers,80,200.5
20151116,Trailblazers,80,Spurs,93,200.5
20151116,Suns,120,Lakers,101,207
20151116,Lakers,101,Suns,120,207
20151117,Heat,91,Timberwolves,103,195.5
20151117,Timberwolves,103,Heat,91,195.5
20151117,Knicks,102,Hornets,94,196.5
20151117,Hornets,94,Knicks,102,196.5
20151117,Nets,90,Hawks,88,197
20151117,Hawks,88,Nets,90,197
20151117,Pelicans,98,Nuggets,115,206
20151117,Nuggets,115,Pelicans,98,206
20151117,Pistons,104,Cavaliers,99,194.5
20151117,Cavaliers,99,Pistons,104,194.5
20151117,Warriors,115,Raptors,110,208.5
20151117,Raptors,110,Warriors,115,208.5
20151117,Wizards,115,Bucks,86,200.5
20151117,Bucks,86,Wizards,115,200.5
20151118,Celtics,102,Mavericks,106,207
20151118,Mavericks,106,Celtics,102,207
20151118,Hawks,103,Kings,97,208.5
20151118,Kings,97,Hawks,103,208.5
20151118,Hornets,116,Nets,111,196
20151118,Nets,111,Hornets,116,196
20151118,Jazz,93,Raptors,89,189
20151118,Raptors,89,Jazz,93,189
20151118,Magic,104,Timberwolves,101,204
20151118,Timberwolves,101,Magic,104,204
20151118,Rockets,108,Trailblazers,103,210
20151118,Trailblazers,103,Rockets,108,210
20151118,Seventysixers,85,Pacers,112,191.5
20151118,Pacers,112,Seventysixers,85,191.5
20151118,Spurs,109,Nuggets,98,196
20151118,Nuggets,98,Spurs,109,196
20151118,Suns,97,Bulls,103,203
20151118,Bulls,103,Suns,97,203
20151118,Thunder,110,Pelicans,103,212
20151118,Pelicans,103,Thunder,110,212
20151119,Cavaliers,115,Bucks,100,194
20151119,Bucks,100,Cavaliers,115,194
20151119,Clippers,117,Warriors,124,213
20151119,Warriors,124,Clippers,117,213
20151119,Heat,116,Kings,109,203
20151119,Kings,109,Heat,116,203
20151120,Celtics,120,Nets,95,203.5
20151120,Nets,95,Celtics,120,203.5
20151120,Grizzlies,96,Rockets,84,200
20151120,Rockets,84,Grizzlies,96,200
20151120,Hornets,113,Seventysixers,88,197.5
20151120,Seventysixers,88,Hornets,113,197.5
20151120,Lakers,91,Raptors,102,203
20151120,Raptors,102,Lakers,91,203
20151120,Mavericks,102,Jazz,93,196
20151120,Jazz,93,Mavericks,102,196
20151120,Nuggets,107,Suns,114,206.5
20151120,Suns,114,Nuggets,107,206.5
20151120,Pelicans,104,Spurs,90,200.5
20151120,Spurs,90,Pelicans,104,200.5
20151120,Thunder,90,Knicks,93,206.5
20151120,Knicks,93,Thunder,90,206.5
20151120,Timberwolves,86,Pistons,96,201.5
20151120,Pistons,96,Timberwolves,86,201.5
20151120,Trailblazers,102,Clippers,91,209
20151120,Clippers,91,Trailblazers,102,209
20151120,Warriors,106,Bulls,94,208
20151120,Bulls,94,Warriors,106,208
20151121,Cavaliers,109,Hawks,97,199
20151121,Hawks,97,Cavaliers,109,199
20151121,Heat,96,Seventysixers,91,193
20151121,Seventysixers,91,Heat,96,193
20151121,Magic,91,Kings,97,207
20151121,Kings,97,Magic,91,207
20151121,Pacers,123,Bucks,86,193.5
20151121,Bucks,86,Pacers,123,193.5
20151121,Pistons,95,Wizards,97,204
20151121,Wizards,97,Pistons,95,204
20151121,Rockets,102,Knicks,107,203.5
20151121,Knicks,107,Rockets,102,203.5
20151121,Spurs,92,Grizzlies,82,190
20151121,Grizzlies,82,Spurs,92,190
20151122,Clippers,80,Raptors,91,206
20151122,Raptors,91,Clippers,80,206
20151122,Lakers,93,Trailblazers,107,203
20151122,Trailblazers,107,Lakers,93,203
20151122,Nets,111,Celtics,101,203
20151122,Celtics,101,Nets,111,203
20151122,Nuggets,105,Warriors,118,212.5
20151122,Warriors,118,Nuggets,105,212.5
20151122,Pelicans,122,Suns,116,210.5
20151122,Suns,116,Pelicans,122,210.5
20151122,Thunder,117,Mavericks,114,209.5
20151122,Mavericks,114,Thunder,117,209.5
20151123,Bucks,109,Pistons,88,191
20151123,Pistons,88,Bucks,109,191
20151123,Cavaliers,117,Magic,103,199
20151123,Magic,103,Cavaliers,117,199
20151123,Heat,95,Knicks,78,190
20151123,Knicks,78,Heat,95,190
20151123,Hornets,127,Kings,122,211.5
20151123,Kings,122,Hornets,127,211.5
20151123,Jazz,89,Thunder,111,198.5
20151123,Thunder,111,Jazz,89,198.5
20151123,Spurs,98,Suns,84,196.5
20151123,Suns,84,Spurs,98,196.5
20151123,Timberwolves,100,Seventysixers,95,200
20151123,Seventysixers,95,Timberwolves,100,200
20151124,Grizzlies,110,Mavericks,96,196.5
20151124,Mavericks,96,Grizzlies,110,196.5
20151124,Hawks,121,Celtics,97,205
20151124,Celtics,97,Hawks,121,205
20151124,Nuggets,94,Clippers,111,207
20151124,Clippers,111,Nuggets,94,207
20151124,Trailblazers,88,Bulls,93,201.5
20151124,Bulls,93,Trailblazers,88,201.5
20151124,Warriors,111,Lakers,77,215
20151124,Lakers,77,Warriors,111,215
20151124,Wizards,106,Pacers,123,207.5
20151124,Pacers,123,Wizards,106,207.5
20151125,Bucks,118,Kings,129,210.5
20151125,Kings,129,Bucks,118,210.5
20151125,Celtics,84,Seventysixers,80,200
20151125,Seventysixers,80,Celtics,84,200
20151125,Clippers,91,Jazz,102,196.5
20151125,Jazz,102,Clippers,91,196.5
20151125,Hornets,101,Wizards,87,210
20151125,Wizards,87,Hornets,101,210
20151125,Magic,100,Knicks,91,195
20151125,Knicks,91,Magic,100,195
20151125,Pistons,104,Heat,81,186.5
20151125,Heat,81,Pistons,104,186.5
20151125,Raptors,103,Cavaliers,99,199
20151125,Cavaliers,99,Raptors,103,199
20151125,Rockets,93,Grizzlies,102,197
20151125,Grizzlies,102,Rockets,93,197
20151125,Spurs,88,Mavericks,83,197.5
20151125,Mavericks,83,Spurs,88,197.5
20151125,Suns,114,Pelicans,120,211
20151125,Pelicans,120,Suns,114,211
20151125,Thunder,110,Nets,99,210
20151125,Nets,99,Thunder,110,210
20151125,Timberwolves,99,Hawks,95,205.5
20151125,Hawks,95,Timberwolves,99,205.5
20151127,Celtics,111,Wizards,78,210.5
20151127,Wizards,78,Celtics,111,210.5
20151127,Clippers,111,Pelicans,90,213.5
20151127,Pelicans,90,Clippers,111,213.5
20151127,Grizzlies,101,Hawks,116,195.5
20151127,Hawks,116,Grizzlies,101,195.5
20151127,Hornets,90,Cavaliers,95,205
20151127,Cavaliers,95,Hornets,90,205
20151127,Kings,91,Timberwolves,101,218
20151127,Timberwolves,101,Kings,91,218
20151127,Knicks,78,Heat,97,186.5
20151127,Heat,97,Knicks,78,186.5
20151127,Magic,114,Bucks,90,199.5
20151127,Bucks,90,Magic,114,199.5
20151127,Nuggets,80,Spurs,91,195
20151127,Spurs,91,Nuggets,80,195
20151127,Pacers,104,Bulls,92,199
20151127,Bulls,92,Pacers,104,199
20151127,Rockets,116,Seventysixers,114,197
20151127,Seventysixers,114,Rockets,116,197
20151127,Suns,116,Warriors,135,216.5
20151127,Warriors,135,Suns,116,216.5
20151127,Thunder,103,Pistons,87,207
20151127,Pistons,87,Thunder,103,207
20151128,Cavaliers,90,Nets,88,200.5
20151128,Nets,88,Cavaliers,90,200.5
20151128,Jazz,101,Pelicans,87,196
20151128,Pelicans,87,Jazz,101,196
20151128,Mavericks,92,Nuggets,81,205
20151128,Nuggets,81,Mavericks,92,205
20151128,Spurs,108,Hawks,88,193
20151128,Hawks,88,Spurs,108,193
20151128,Trailblazers,108,Lakers,96,203
20151128,Lakers,96,Trailblazers,108,203
20151128,Warriors,120,Kings,101,221.5
20151128,Kings,101,Warriors,120,221.5
20151128,Wizards,82,Raptors,84,202.5
20151128,Raptors,84,Wizards,82,202.5
20151129,Clippers,107,Timberwolves,99,206
20151129,Timberwolves,99,Clippers,107,206
20151129,Grizzlies,92,Seventysixers,84,193
20151129,Seventysixers,84,Grizzlies,92,193
20151129,Hornets,87,Bucks,82,201
20151129,Bucks,82,Hornets,87,201
20151129,Knicks,111,Rockets,116,200
20151129,Rockets,116,Knicks,111,200
20151129,Lakers,103,Pacers,107,202
20151129,Pacers,107,Lakers,103,202
20151129,Magic,110,Celtics,91,202
20151129,Celtics,91,Magic,110,202
20151129,Nets,87,Pistons,83,193
20151129,Pistons,83,Nets,87,193
20151129,Raptors,102,Suns,107,204.5
20151129,Suns,107,Raptors,102,204.5
20151130,Bucks,92,Nuggets,74,200.5
20151130,Nuggets,74,Bucks,92,200.5
20151130,Bulls,92,Spurs,89,190.5
20151130,Spurs,89,Bulls,92,190.5
20151130,Clippers,102,Trailblazers,87,206.5
20151130,Trailblazers,87,Clippers,102,206.5
20151130,Hawks,106,Thunder,100,211.5
20151130,Thunder,100,Hawks,106,211.5
20151130,Heat,95,Celtics,105,194
20151130,Celtics,105,Heat,95,194
20151130,Jazz,103,Warriors,106,201.5
20151130,Warriors,106,Jazz,103,201.5
20151130,Kings,112,Mavericks,98,213
20151130,Mavericks,98,Kings,112,213
20151130,Pistons,116,Rockets,105,198
20151130,Rockets,105,Pistons,116,198
20151201,Cavaliers,85,Wizards,97,203
20151201,Wizards,97,Cavaliers,85,203
20151201,Nets,94,Suns,91,207
20151201,Suns,91,Nets,94,207
20151201,Pelicans,104,Grizzlies,113,201
20151201,Grizzlies,113,Pelicans,104,201
20151201,Seventysixers,103,Lakers,91,195.5
20151201,Lakers,91,Seventysixers,103,195.5
20151201,Timberwolves,93,Magic,96,202
20151201,Magic,96,Timberwolves,93,202
20151201,Trailblazers,112,Mavericks,115,201
20151201,Mavericks,115,Trailblazers,112,201
20151202,Bulls,99,Nuggets,90,197
20151202,Nuggets,90,Bulls,99,197
20151202,Clippers,91,Pacers,103,203
20151202,Pacers,103,Clippers,91,203
20151202,Hawks,86,Raptors,96,196.5
20151202,Raptors,96,Hawks,86,196.5
20151202,Hornets,99,Warriors,116,210
20151202,Warriors,116,Hornets,99,210
20151202,Knicks,99,Seventysixers,87,191
20151202,Seventysixers,87,Knicks,99,191
20151202,Pistons,127,Suns,122,203.5
20151202,Suns,122,Pistons,127,203.5
20151202,Rockets,108,Pelicans,101,213.5
20151202,Pelicans,101,Rockets,108,213.5
20151202,Spurs,95,Bucks,70,188
20151202,Bucks,70,Spurs,95,188
20151202,Wizards,104,Lakers,108,204
20151202,Lakers,108,Wizards,104,204
20151203,Grizzlies,83,Spurs,103,183
20151203,Spurs,103,Grizzlies,83,183
20151203,Heat,97,Thunder,95,203
20151203,Thunder,95,Heat,97,203
20151203,Jazz,94,Magic,103,192
20151203,Magic,103,Jazz,94,192
20151203,Kings,97,Celtics,114,214
20151203,Celtics,114,Kings,97,214
20151203,Raptors,105,Nuggets,106,193
20151203,Nuggets,106,Raptors,105,193
20151203,Trailblazers,123,Pacers,111,202.5
20151203,Pacers,111,Trailblazers,123,202.5
20151204,Hawks,100,Lakers,87,204
20151204,Lakers,87,Hawks,100,204
20151204,Knicks,108,Nets,91,192.5
20151204,Nets,91,Knicks,108,192.5
20151204,Mavericks,96,Rockets,100,210.5
20151204,Rockets,100,Mavericks,96,210.5
20151204,Pelicans,114,Cavaliers,108,208.5
20151204,Cavaliers,108,Pelicans,114,208.5
20151204,Pistons,102,Bucks,95,193.5
20151204,Bucks,95,Pistons,102,193.5
20151204,Wizards,109,Suns,106,214
20151204,Suns,106,Wizards,109,214
20151205,Bucks,106,Knicks,91,191
20151205,Knicks,91,Bucks,106,191
20151205,Bulls,96,Hornets,102,195.5
20151205,Hornets,102,Bulls,96,195.5
20151205,Clippers,103,Magic,101,196.5
20151205,Magic,101,Clippers,103,196.5
20151205,Heat,99,Cavaliers,84,188
20151205,Cavaliers,84,Heat,99,188
20151205,Jazz,122,Pacers,119,195
20151205,Pacers,119,Jazz,122,195
20151205,Raptors,109,Warriors,112,210
20151205,Warriors,112,Raptors,109,210
20151205,Rockets,120,Kings,113,218
20151205,Kings,113,Rockets,120,218
20151205,Seventysixers,105,Nuggets,108,194
20151205,Nuggets,108,Seventysixers,105,194
20151205,Spurs,108,Celtics,105,191
20151205,Celtics,105,Spurs,108,191
20151205,Timberwolves,103,Trailblazers,109,204
20151205,Trailblazers,109,Timberwolves,103,204
20151206,Grizzlies,95,Suns,93,203.5
20151206,Suns,93,Grizzlies,95,203.5
20151206,Nets,98,Warriors,114,209
20151206,Warriors,114,Nets,98,209
20151206,Pistons,111,Lakers,91,199
20151206,Lakers,91,Pistons,111,199
20151206,Thunder,98,Kings,95,220.5
20151206,Kings,95,Thunder,98,220.5
20151206,Wizards,104,Mavericks,116,208
20151206,Mavericks,116,Wizards,104,208
20151207,Bucks,90,Trailblazers,88,199
20151207,Trailblazers,88,Bucks,90,199
20151207,Bulls,101,Suns,103,204
20151207,Suns,103,Bulls,101,204
20151207,Heat,103,Wizards,114,197
20151207,Wizards,114,Heat,103,197
20151207,Hornets,104,Pistons,84,196
20151207,Pistons,84,Hornets,104,196
20151207,Knicks,97,Mavericks,104,198.5
20151207,Mavericks,104,Knicks,97,198.5
20151207,Pelicans,93,Celtics,111,210.5
20151207,Celtics,111,Pelicans,93,210.5
20151207,Raptors,102,Lakers,93,198.5
20151207,Lakers,93,Raptors,102,198.5
20151207,Seventysixers,68,Spurs,119,188.5
20151207,Spurs,119,Seventysixers,68,188.5
20151207,Timberwolves,106,Clippers,110,205
20151207,Clippers,110,Timberwolves,106,205
20151208,Cavaliers,105,Trailblazers,100,200
20151208,Trailblazers,100,Cavaliers,105,200
20151208,Grizzlies,88,Thunder,125,202.5
20151208,Thunder,125,Grizzlies,88,202.5
20151208,Kings,114,Jazz,106,205.5
20151208,Jazz,106,Kings,114,205.5
20151208,Nets,110,Rockets,105,207
20151208,Rockets,105,Nets,110,207
20151208,Nuggets,74,Magic,85,198.5
20151208,Magic,85,Nuggets,74,198.5
20151208,Pacers,123,Warriors,131,215
20151208,Warriors,131,Pacers,123,215
20151209,Bucks,95,Clippers,109,201
20151209,Clippers,109,Bucks,95,201
20151209,Celtics,105,Bulls,100,200.5
20151209,Bulls,100,Celtics,105,200.5
20151209,Hornets,99,Heat,81,192.5
20151209,Heat,81,Hornets,99,192.5
20151209,Jazz,106,Knicks,85,191.5
20151209,Knicks,85,Jazz,106,191.5
20151209,Mavericks,95,Hawks,98,203
20151209,Hawks,98,Mavericks,95,203
20151209,Pistons,92,Grizzlies,93,193
20151209,Grizzlies,93,Pistons,92,193
20151209,Raptors,97,Spurs,94,188
20151209,Spurs,94,Raptors,97,188
20151209,Suns,107,Magic,104,206.5
20151209,Magic,104,Suns,107,206.5
20151209,Timberwolves,123,Lakers,122,204.5
20151209,Lakers,122,Timberwolves,123,204.5
20151209,Wizards,103,Rockets,109,214
20151209,Rockets,109,Wizards,103,214
20151210,Bulls,83,Clippers,80,202.5
20151210,Clippers,80,Bulls,83,202.5
20151210,Kings,99,Knicks,97,209
20151210,Knicks,97,Kings,99,209
20151210,Nets,100,Seventysixers,91,197.5
20151210,Seventysixers,91,Nets,100,197.5
20151210,Thunder,107,Hawks,94,211
20151210,Hawks,94,Thunder,107,211
20151211,Celtics,119,Warriors,124,216
20151211,Warriors,124,Celtics,119,216
20151211,Grizzlies,99,Hornets,123,192.5
20151211,Hornets,123,Grizzlies,99,192.5
20151211,Jazz,90,Thunder,94,203
20151211,Thunder,94,Jazz,90,203
20151211,Magic,76,Cavaliers,111,197
20151211,Cavaliers,111,Magic,76,197
20151211,Nuggets,111,Timberwolves,108,202
20151211,Timberwolves,108,Nuggets,111,202
20151211,Pacers,96,Heat,83,196.5
20151211,Heat,83,Pacers,96,196.5
20151211,Pelicans,107,Wizards,105,214.5
20151211,Wizards,105,Pelicans,107,214.5
20151211,Raptors,90,Bucks,83,192
20151211,Bucks,83,Raptors,90,192
20151211,Seventysixers,95,Pistons,107,193
20151211,Pistons,107,Seventysixers,95,193
20151211,Spurs,109,Lakers,87,194.5
20151211,Lakers,87,Spurs,109,194.5
20151211,Suns,96,Trailblazers,106,209.5
20151211,Trailblazers,106,Suns,96,209.5
20151212,Bucks,108,Warriors,95,205
20151212,Warriors,95,Bucks,108,205
20151212,Bulls,98,Pelicans,94,202.5
20151212,Pelicans,94,Bulls,98,202.5
20151212,Hawks,78,Spurs,103,191.5
20151212,Spurs,103,Hawks,78,191.5
20151212,Hornets,93,Celtics,98,202
20151212,Celtics,98,Hornets,93,202
20151212,Mavericks,111,Wizards,114,207
20151212,Wizards,114,Mavericks,111,207
20151212,Nets,100,Clippers,105,205.5
20151212,Clippers,105,Nets,100,205.5
20151212,Pistons,118,Pacers,96,204
20151212,Pacers,96,Pistons,118,204
20151212,Rockets,126,Lakers,97,212
20151212,Lakers,97,Rockets,126,212
20151212,Trailblazers,110,Knicks,112,199
20151212,Knicks,112,Trailblazers,110,199
20151213,Heat,100,Grizzlies,97,192
20151213,Grizzlies,97,Heat,100,192
20151213,Raptors,96,Seventysixers,76,192.5
20151213,Seventysixers,76,Raptors,96,192.5
20151213,Suns,108,Timberwolves,101,209.5
20151213,Timberwolves,101,Suns,108,209.5
20151213,Thunder,104,Jazz,98,202.5
20151213,Jazz,98,Thunder,104,202.5
20151214,Bulls,115,Seventysixers,96,195
20151214,Seventysixers,96,Bulls,115,195
20151214,Grizzlies,112,Wizards,95,201
20151214,Wizards,95,Grizzlies,112,201
20151214,Hawks,88,Heat,100,191
20151214,Heat,100,Hawks,88,191
20151214,Mavericks,104,Suns,94,208.5
20151214,Suns,94,Mavericks,104,208.5
20151214,Nets,82,Magic,105,198
20151214,Magic,105,Nets,82,198
20151214,Nuggets,114,Rockets,108,209.5
20151214,Rockets,108,Nuggets,114,209.5
20151214,Pacers,106,Raptors,90,200.5
20151214,Raptors,90,Pacers,106,200.5
20151214,Pistons,103,Clippers,105,204
20151214,Clippers,105,Pistons,103,204
20151214,Spurs,118,Jazz,81,186.5
20151214,Jazz,81,Spurs,118,186.5
20151214,Trailblazers,105,Pelicans,101,211
20151214,Pelicans,101,Trailblazers,105,211
20151215,Celtics,77,Cavaliers,89,201.5
20151215,Cavaliers,89,Celtics,77,201.5
20151215,Kings,107,Rockets,97,219
20151215,Rockets,97,Kings,107,219
20151215,Lakers,113,Bucks,95,198.5
20151215,Bucks,95,Lakers,113,198.5
20151215,Timberwolves,100,Nuggets,112,204.5
20151215,Nuggets,112,Timberwolves,100,204.5
20151216,Bulls,98,Grizzlies,85,194.5
20151216,Grizzlies,85,Bulls,98,194.5
20151216,Clippers,103,Bucks,90,197.5
20151216,Bucks,90,Clippers,103,197.5
20151216,Hawks,127,Seventysixers,106,199.5
20151216,Seventysixers,106,Hawks,127,199.5
20151216,Jazz,94,Pelicans,104,201
20151216,Pelicans,104,Jazz,94,201
20151216,Knicks,107,Timberwolves,102,200
20151216,Timberwolves,102,Knicks,107,200
20151216,Magic,113,Hornets,98,198
20151216,Hornets,98,Magic,113,198
20151216,Nets,98,Heat,104,192
20151216,Heat,104,Nets,98,192
20151216,Pacers,107,Mavericks,81,207
20151216,Mavericks,81,Pacers,107,207
20151216,Pistons,119,Celtics,116,199.5
20151216,Celtics,116,Pistons,119,199.5
20151216,Spurs,114,Wizards,95,197.5
20151216,Wizards,95,Spurs,114,197.5
20151216,Thunder,106,Trailblazers,90,207.5
20151216,Trailblazers,90,Thunder,106,207.5
20151216,Warriors,128,Suns,103,219
20151216,Suns,103,Warriors,128,219
20151217,Cavaliers,104,Thunder,100,204
20151217,Thunder,100,Cavaliers,104,204
20151217,Hornets,109,Raptors,99,195.5
20151217,Raptors,99,Hornets,109,195.5
20151217,Lakers,87,Rockets,107,215
20151217,Rockets,107,Lakers,87,215
20151218,Bulls,144,Pistons,147,197
20151218,Pistons,147,Bulls,144,197
20151218,Celtics,101,Hawks,109,206.5
20151218,Hawks,109,Celtics,101,206.5
20151218,Heat,94,Raptors,108,187.5
20151218,Raptors,108,Heat,94,187.5
20151218,Jazz,97,Nuggets,88,194
20151218,Nuggets,88,Jazz,97,194
20151218,Magic,102,Trailblazers,94,202
20151218,Trailblazers,94,Magic,102,202
20151218,Mavericks,97,Grizzlies,88,197
20151218,Grizzlies,88,Mavericks,97,197
20151218,Pacers,104,Nets,97,205.5
20151218,Nets,97,Pacers,104,205.5
20151218,Seventysixers,97,Knicks,107,195
20151218,Knicks,107,Seventysixers,97,195
20151218,Spurs,115,Clippers,107,195.5
20151218,Clippers,107,Spurs,115,195.5
20151218,Suns,104,Pelicans,88,213.5
20151218,Pelicans,88,Suns,104,213.5
20151218,Timberwolves,99,Kings,95,213.5
20151218,Kings,95,Timberwolves,99,213.5
20151218,Warriors,121,Bucks,112,209.5
20151218,Bucks,112,Warriors,121,209.5
20151219,Grizzlies,96,Pacers,84,200
20151219,Pacers,84,Grizzlies,96,200
20151219,Knicks,107,Bulls,91,195
20151219,Bulls,91,Knicks,107,195
20151219,Rockets,107,Clippers,97,212
20151219,Clippers,97,Rockets,107,212
20151219,Thunder,118,Lakers,78,208
20151219,Lakers,78,Thunder,118,208
20151219,Wizards,109,Hornets,101,206
20151219,Hornets,101,Wizards,109,206
20151220,Cavaliers,108,Seventysixers,86,197
20151220,Seventysixers,86,Cavaliers,108,197
20151220,Heat,116,Trailblazers,109,194
20151220,Trailblazers,109,Heat,116,194
20151220,Magic,100,Hawks,103,201.5
20151220,Hawks,103,Magic,100,201.5
20151220,Nets,85,Timberwolves,100,203
20151220,Timberwolves,100,Nets,85,203
20151220,Nuggets,125,Pelicans,130,205
20151220,Pelicans,130,Nuggets,125,205
20151220,Raptors,94,Kings,104,206
20151220,Kings,104,Raptors,94,206
20151220,Suns,95,Bucks,101,203.5
20151220,Bucks,101,Suns,95,203.5
20151221,Bulls,102,Nets,105,197.5
20151221,Nets,105,Bulls,102,197.5
20151221,Celtics,113,Timberwolves,99,208.5
20151221,Timberwolves,99,Celtics,113,208.5
20151221,Clippers,99,Thunder,100,207.5
20151221,Thunder,100,Clippers,99,207.5
20151221,Hawks,106,Trailblazers,97,204.5
20151221,Trailblazers,97,Hawks,106,204.5
20151221,Jazz,110,Suns,89,199
20151221,Suns,89,Jazz,110,199
20151221,Knicks,99,Magic,107,197
20151221,Magic,107,Knicks,99,197
20151221,Rockets,102,Hornets,95,208
20151221,Hornets,95,Rockets,102,208
20151221,Spurs,106,Pacers,92,198
20151221,Pacers,92,Spurs,106,198
20151221,Wizards,113,Kings,99,216.5
20151221,Kings,99,Wizards,113,216.5
20151222,Heat,92,Pistons,93,195
20151222,Pistons,93,Heat,92,195
20151222,Nuggets,107,Lakers,111,205
20151222,Lakers,111,Nuggets,107,205
20151222,Raptors,103,Mavericks,99,196
20151222,Mavericks,99,Raptors,103,196
20151222,Seventysixers,90,Grizzlies,104,194
20151222,Grizzlies,104,Seventysixers,90,194
20151223,Bucks,113,Seventysixers,100,196
20151223,Seventysixers,100,Bucks,113,196
20151223,Cavaliers,91,Knicks,84,195
20151223,Knicks,84,Cavaliers,91,195
20151223,Hawks,107,Pistons,100,202
20151223,Pistons,100,Hawks,107,202
20151223,Hornets,89,Celtics,102,203.5
20151223,Celtics,102,Hornets,89,203.5
20151223,Lakers,85,Thunder,120,207.5
20151223,Thunder,120,Lakers,85,207.5
20151223,Magic,104,Rockets,101,207
20151223,Rockets,101,Magic,104,207
20151223,Nets,118,Mavericks,119,199
20151223,Mavericks,119,Nets,118,199
20151223,Pacers,106,Kings,108,214
20151223,Kings,108,Pacers,106,214
20151223,Pelicans,115,Trailblazers,89,203.5
20151223,Trailblazers,89,Pelicans,115,203.5
20151223,Suns,96,Nuggets,104,208
20151223,Nuggets,104,Suns,96,208
20151223,Timberwolves,83,Spurs,108,195.5
20151223,Spurs,108,Timberwolves,83,195.5
20151223,Warriors,103,Jazz,85,208.5
20151223,Jazz,85,Warriors,103,208.5
20151223,Wizards,100,Grizzlies,91,201
20151223,Grizzlies,91,Wizards,100,201
20151225,Heat,94,Pelicans,88,199
20151225,Pelicans,88,Heat,94,199
20151225,Lakers,84,Clippers,94,207
20151225,Clippers,94,Lakers,84,207
20151225,Rockets,88,Spurs,84,203.5
20151225,Spurs,84,Rockets,88,203.5
20151225,Thunder,96,Bulls,105,205
20151225,Bulls,105,Thunder,96,205
20151225,Warriors,89,Cavaliers,83,206.5
20151225,Cavaliers,83,Warriors,89,206.5
20151226,Bucks,90,Raptors,111,194
20151226,Raptors,111,Bucks,90,194
20151226,Hawks,117,Knicks,98,202.5
20151226,Knicks,98,Hawks,117,202.5
20151226,Hornets,98,Grizzlies,92,193.5
20151226,Grizzlies,92,Hornets,98,193.5
20151226,Jazz,104,Clippers,109,193.5
20151226,Clippers,109,Jazz,104,193.5
20151226,Magic,101,Heat,108,192.5
20151226,Heat,108,Magic,101,192.5
20151226,Mavericks,118,Bulls,111,200.5
20151226,Bulls,111,Mavericks,118,200.5
20151226,Nets,96,Wizards,111,205.5
20151226,Wizards,111,Nets,96,205.5
20151226,Pelicans,110,Rockets,108,210.5
20151226,Rockets,108,Pelicans,110,210.5
20151226,Pistons,93,Celtics,99,204
20151226,Celtics,99,Pistons,93,204
20151226,Spurs,101,Nuggets,86,194.5
20151226,Nuggets,86,Spurs,101,194.5
20151226,Suns,104,Seventysixers,111,205.5
20151226,Seventysixers,111,Suns,104,205.5
20151226,Timberwolves,88,Pacers,102,206
20151226,Pacers,102,Timberwolves,88,206
20151226,Trailblazers,105,Cavaliers,76,195.5
20151226,Cavaliers,76,Trailblazers,105,195.5
20151227,Celtics,100,Knicks,91,202
20151227,Knicks,91,Celtics,100,202
20151227,Grizzlies,112,Lakers,96,197
20151227,Lakers,96,Grizzlies,112,197
20151227,Kings,94,Trailblazers,98,208
20151227,Trailblazers,98,Kings,94,208
20151227,Thunder,122,Nuggets,112,207
20151227,Nuggets,112,Thunder,122,207
20151228,Bulls,104,Raptors,97,197.5
20151228,Raptors,97,Bulls,104,197.5
20151228,Heat,105,Nets,111,195.5
20151228,Nets,111,Heat,105,195.5
20151228,Hornets,108,Lakers,98,202.5
20151228,Lakers,98,Hornets,108,202.5
20151228,Jazz,95,Seventysixers,91,196
20151228,Seventysixers,91,Jazz,95,196
20151228,Magic,104,Pelicans,89,204.5
20151228,Pelicans,89,Magic,104,204.5
20151228,Mavericks,103,Bucks,93,200.5
20151228,Bucks,93,Mavericks,103,200.5
20151228,Pacers,93,Hawks,87,205
20151228,Hawks,87,Pacers,93,205
20151228,Spurs,101,Timberwolves,95,195.5
20151228,Timberwolves,95,Spurs,101,195.5
20151228,Suns,97,Cavaliers,101,199.5
20151228,Cavaliers,101,Suns,97,199.5
20151228,Warriors,122,Kings,103,221
20151228,Kings,103,Warriors,122,221
20151228,Wizards,91,Clippers,108,207
20151228,Clippers,108,Wizards,91,207
20151229,Grizzlies,99,Heat,90,189.5
20151229,Heat,90,Grizzlies,99,189.5
20151229,Knicks,108,Pistons,96,199.5
20151229,Pistons,96,Knicks,108,199.5
20151229,Nuggets,87,Cavaliers,93,195.5
20151229,Cavaliers,93,Nuggets,87,195.5
20151229,Rockets,115,Hawks,121,209
20151229,Hawks,121,Rockets,115,209
20151229,Thunder,131,Bucks,123,207
20151229,Bucks,123,Thunder,131,207
20151230,Bulls,102,Pacers,100,201.5
20151230,Pacers,100,Bulls,102,201.5
20151230,Celtics,104,Lakers,112,206
20151230,Lakers,112,Celtics,104,206
20151230,Hornets,117,Clippers,122,201
20151230,Clippers,122,Hornets,117,201
20151230,Kings,105,Seventysixers,110,214
20151230,Seventysixers,110,Kings,105,214
20151230,Magic,100,Nets,93,199
20151230,Nets,93,Magic,100,199
20151230,Mavericks,114,Warriors,91,209.5
20151230,Warriors,91,Mavericks,114,209.5
20151230,Raptors,94,Wizards,91,202.5
20151230,Wizards,91,Raptors,94,202.5
20151230,Spurs,112,Suns,79,197.5
20151230,Suns,79,Spurs,112,197.5
20151230,Timberwolves,94,Jazz,80,191
20151230,Jazz,80,Timberwolves,94,191
20151230,Trailblazers,110,Nuggets,103,201
20151230,Nuggets,103,Trailblazers,110,201
20151231,Jazz,109,Trailblazers,96,190
20151231,Trailblazers,96,Jazz,109,190
20151231,Pacers,116,Bucks,120,200
20151231,Bucks,120,Pacers,116,200
20151231,Pelicans,89,Clippers,95,207.5
20151231,Clippers,95,Pelicans,89,207.5
20151231,Pistons,115,Timberwolves,90,201
20151231,Timberwolves,90,Pistons,115,201
20151231,Rockets,110,Warriors,114,212
20151231,Warriors,114,Rockets,110,212
20151231,Thunder,110,Suns,106,212
20151231,Suns,106,Thunder,110,212
20160101,Bulls,108,Knicks,81,197.5
20160101,Knicks,81,Bulls,108,197.5
20160101,Heat,106,Mavericks,82,196.5
20160101,Mavericks,82,Heat,106,196.5
20160101,Lakers,93,Seventysixers,84,207
20160101,Seventysixers,84,Lakers,93,207
20160101,Raptors,104,Hornets,94,197
20160101,Hornets,94,Raptors,104,197
20160101,Wizards,103,Magic,91,203
20160101,Magic,91,Wizards,103,203
20160102,Cavaliers,104,Magic,79,192.5
20160102,Magic,79,Cavaliers,104,192.5
20160102,Celtics,97,Nets,100,204
20160102,Nets,100,Celtics,97,204
20160102,Clippers,130,Seventysixers,99,204
20160102,Seventysixers,99,Clippers,130,204
20160102,Hornets,90,Thunder,109,209
20160102,Thunder,109,Hornets,90,209
20160102,Jazz,92,Grizzlies,87,186
20160102,Grizzlies,87,Jazz,92,186
20160102,Kings,142,Suns,119,213.5
20160102,Suns,119,Kings,142,213.5
20160102,Mavericks,98,Pelicans,105,206
20160102,Pelicans,105,Mavericks,98,206
20160102,Pacers,94,Pistons,82,203.5
20160102,Pistons,82,Pacers,94,203.5
20160102,Spurs,121,Rockets,103,202
20160102,Rockets,103,Spurs,121,202
20160102,Timberwolves,85,Bucks,95,203
20160102,Bucks,95,Timberwolves,85,203
20160102,Warriors,111,Nuggets,108,215
20160102,Nuggets,108,Warriors,111,215
20160103,Knicks,111,Hawks,97,202.5
20160103,Hawks,97,Knicks,111,202.5
20160103,Lakers,97,Suns,77,207.5
20160103,Suns,77,Lakers,97,207.5
20160103,Nuggets,106,Trailblazers,112,204.5
20160103,Trailblazers,112,Nuggets,106,204.5
20160103,Raptors,113,Bulls,115,197
20160103,Bulls,115,Raptors,113,197
20160103,Wizards,75,Heat,97,198
20160103,Heat,97,Wizards,75,198
20160104,Bucks,98,Spurs,123,192.5
20160104,Spurs,123,Bucks,98,192.5
20160104,Cavaliers,122,Raptors,100,193
20160104,Raptors,100,Cavaliers,122,193
20160104,Heat,103,Pacers,100,193
20160104,Pacers,100,Heat,103,193
20160104,Jazz,91,Rockets,93,199.5
20160104,Rockets,93,Jazz,91,199.5
20160104,Nets,94,Celtics,103,202.5
20160104,Celtics,103,Nets,94,202.5
20160104,Pistons,115,Magic,89,198
20160104,Magic,89,Pistons,115,198
20160104,Seventysixers,109,Timberwolves,99,204
20160104,Timberwolves,99,Seventysixers,109,204
20160104,Thunder,104,Kings,116,216.5
20160104,Kings,116,Thunder,104,216.5
20160104,Trailblazers,78,Grizzlies,91,194
20160104,Grizzlies,91,Trailblazers,78,194
20160104,Warriors,111,Hornets,101,211
20160104,Hornets,101,Warriors,111,211
20160105,Bulls,117,Bucks,106,201
20160105,Bucks,106,Bulls,117,201
20160105,Hawks,101,Knicks,107,203.5
20160105,Knicks,107,Hawks,101,203.5
20160105,Lakers,88,Warriors,109,212.5
20160105,Warriors,109,Lakers,88,212.5
20160105,Mavericks,117,Kings,116,213
20160105,Kings,116,Mavericks,117,213
20160106,Celtics,94,Pistons,99,202
20160106,Pistons,99,Celtics,94,202
20160106,Heat,90,Knicks,98,193
20160106,Knicks,98,Heat,90,193
20160106,Magic,86,Pacers,95,198.5
20160106,Pacers,95,Magic,86,198.5
20160106,Nets,74,Raptors,91,195.5
20160106,Raptors,91,Nets,74,195.5
20160106,Pelicans,91,Mavericks,100,202.5
20160106,Mavericks,100,Pelicans,91,202.5
20160106,Spurs,123,Jazz,98,185
20160106,Jazz,98,Spurs,123,185
20160106,Suns,111,Hornets,102,204.5
20160106,Hornets,102,Suns,111,204.5
20160106,Thunder,112,Grizzlies,94,199
20160106,Grizzlies,94,Thunder,112,199
20160106,Timberwolves,74,Nuggets,78,202.5
20160106,Nuggets,78,Timberwolves,74,202.5
20160106,Trailblazers,98,Clippers,109,205.5
20160106,Clippers,109,Trailblazers,98,205.5
20160106,Wizards,115,Cavaliers,121,202
20160106,Cavaliers,121,Wizards,115,202
20160107,Bulls,101,Celtics,92,203.5
20160107,Celtics,92,Bulls,101,203.5
20160107,Kings,118,Lakers,115,214
20160107,Lakers,115,Kings,118,214
20160107,Rockets,103,Jazz,94,197.5
20160107,Jazz,94,Rockets,103,197.5
20160107,Seventysixers,98,Hawks,126,207.5
20160107,Hawks,126,Seventysixers,98,207.5
20160108,Bucks,96,Mavericks,95,203.5
20160108,Mavericks,95,Bucks,96,203.5
20160108,Grizzlies,91,Nuggets,84,190.5
20160108,Nuggets,84,Grizzlies,91,190.5
20160108,Lakers,113,Thunder,117,211
20160108,Thunder,117,Lakers,113,211
20160108,Nets,77,Magic,83,192
20160108,Magic,83,Nets,77,192
20160108,Pelicans,86,Pacers,91,204
20160108,Pacers,91,Pelicans,86,204
20160108,Spurs,100,Knicks,99,196.5
20160108,Knicks,99,Spurs,100,196.5
20160108,Suns,95,Heat,103,197
20160108,Heat,103,Suns,95,197
20160108,Timberwolves,99,Cavaliers,125,197.5
20160108,Cavaliers,125,Timberwolves,99,197.5
20160108,Trailblazers,108,Warriors,128,213
20160108,Warriors,128,Trailblazers,108,213
20160108,Wizards,88,Raptors,97,202.5
20160108,Raptors,97,Wizards,88,202.5
20160109,Clippers,97,Hornets,83,203
20160109,Hornets,83,Clippers,97,203
20160109,Hawks,120,Bulls,105,208
20160109,Bulls,105,Hawks,120,208
20160109,Jazz,98,Heat,83,183
20160109,Heat,83,Jazz,98,183
20160109,Kings,116,Warriors,128,223.5
20160109,Warriors,128,Kings,116,223.5
20160109,Magic,99,Wizards,105,199
20160109,Wizards,105,Magic,99,199
20160109,Pistons,103,Nets,89,194.5
20160109,Nets,89,Pistons,103,194.5
20160109,Seventysixers,95,Raptors,108,202.5
20160109,Raptors,108,Seventysixers,95,202.5
20160110,Clippers,114,Pelicans,111,205
20160110,Pelicans,111,Clippers,114,205
20160110,Grizzlies,101,Celtics,98,192.5
20160110,Celtics,98,Grizzlies,101,192.5
20160110,Knicks,100,Bucks,88,197.5
20160110,Bucks,88,Knicks,100,197.5
20160110,Lakers,74,Jazz,86,192
20160110,Jazz,86,Lakers,74,192
20160110,Nuggets,95,Hornets,92,199
20160110,Hornets,92,Nuggets,95,199
20160110,Rockets,107,Pacers,103,207
20160110,Pacers,103,Rockets,107,207
20160110,Seventysixers,85,Cavaliers,95,205.5
20160110,Cavaliers,95,Seventysixers,85,205.5
20160110,Timberwolves,87,Mavericks,93,198.5
20160110,Mavericks,93,Timberwolves,87,198.5
20160110,Trailblazers,115,Thunder,110,215
20160110,Thunder,110,Trailblazers,115,215
20160111,Bulls,100,Wizards,114,207
20160111,Wizards,114,Bulls,100,207
20160111,Nets,79,Spurs,106,194.5
20160111,Spurs,106,Nets,79,194.5
20160111,Warriors,111,Heat,103,207
20160111,Heat,103,Warriors,111,207
20160112,Bucks,106,Bulls,101,203
20160112,Bulls,101,Bucks,106,203
20160112,Grizzlies,91,Rockets,107,197
20160112,Rockets,107,Grizzlies,91,197
20160112,Knicks,120,Celtics,114,200.5
20160112,Celtics,114,Knicks,120,200.5
20160112,Lakers,95,Pelicans,91,203.5
20160112,Pelicans,91,Lakers,95,203.5
20160112,Mavericks,107,Cavaliers,110,198.5
20160112,Cavaliers,110,Mavericks,107,198.5
20160112,Pacers,116,Suns,97,206
20160112,Suns,97,Pacers,116,206
20160112,Pistons,99,Spurs,109,196
20160112,Spurs,109,Pistons,99,196
20160112,Timberwolves,96,Thunder,101,209
20160112,Thunder,101,Timberwolves,96,209
20160113,Celtics,103,Pacers,94,203
20160113,Pacers,94,Celtics,103,203
20160113,Clippers,104,Heat,90,197.5
20160113,Heat,90,Clippers,104,197.5
20160113,Hornets,107,Hawks,84,205.5
20160113,Hawks,84,Hornets,107,205.5
20160113,Kings,97,Pelicans,109,215
20160113,Pelicans,109,Kings,97,215
20160113,Nets,110,Knicks,104,192
20160113,Knicks,104,Nets,110,192
20160113,Nuggets,112,Warriors,110,214.5
20160113,Warriors,110,Nuggets,112,214.5
20160113,Rockets,107,Timberwolves,104,206.5
20160113,Timberwolves,104,Rockets,107,206.5
20160113,Thunder,108,Mavericks,89,207
20160113,Mavericks,89,Thunder,108,207
20160113,Trailblazers,99,Jazz,85,191.5
20160113,Jazz,85,Trailblazers,99,191.5
20160113,Wizards,106,Bucks,101,207
20160113,Bucks,101,Wizards,106,207
20160114,Grizzlies,103,Pistons,101,192
20160114,Pistons,101,Grizzlies,103,192
20160114,Jazz,101,Kings,103,201
20160114,Kings,103,Jazz,101,201
20160114,Magic,103,Raptors,106,193.5
20160114,Raptors,106,Magic,103,193.5
20160114,Seventysixers,111,Bulls,115,204
20160114,Bulls,115,Seventysixers,111,204
20160114,Spurs,99,Cavaliers,95,196
20160114,Cavaliers,95,Spurs,99,196
20160114,Warriors,116,Lakers,98,216.5
20160114,Lakers,98,Warriors,116,216.5
20160115,Bucks,108,Hawks,101,208.5
20160115,Hawks,101,Bucks,108,208.5
20160115,Bulls,77,Mavericks,83,202
20160115,Mavericks,83,Bulls,77,202
20160115,Celtics,117,Suns,103,209.5
20160115,Suns,103,Celtics,117,209.5
20160115,Nets,104,Trailblazers,116,204.5
20160115,Trailblazers,116,Nets,104,204.5
20160115,Nuggets,95,Heat,98,193
20160115,Heat,98,Nuggets,95,193
20160115,Pacers,104,Wizards,118,208
20160115,Wizards,118,Pacers,104,208
20160115,Pelicans,109,Hornets,107,202
20160115,Hornets,107,Pelicans,109,202
20160115,Rockets,77,Cavaliers,91,203
20160115,Cavaliers,91,Rockets,77,203
20160115,Thunder,113,Timberwolves,93,209
20160115,Timberwolves,93,Thunder,113,209
20160116,Clippers,103,Kings,110,216
20160116,Kings,110,Clippers,103,216
20160116,Grizzlies,103,Knicks,95,190
20160116,Knicks,95,Grizzlies,103,190
20160116,Hawks,114,Nets,86,205
20160116,Nets,86,Hawks,114,205
20160116,Hornets,92,Bucks,105,198
20160116,Bucks,105,Hornets,92,198
20160116,Jazz,109,Lakers,82,191
20160116,Lakers,82,Jazz,109,191
20160116,Pistons,113,Warriors,95,215
20160116,Warriors,95,Pistons,113,215
20160116,Seventysixers,114,Trailblazers,89,207
20160116,Trailblazers,89,Seventysixers,114,207
20160116,Wizards,117,Celtics,119,210.5
20160116,Celtics,119,Wizards,117,210.5
20160117,Lakers,95,Rockets,112,207
20160117,Rockets,112,Lakers,95,207
20160117,Nuggets,129,Pacers,126,201.5
20160117,Pacers,126,Nuggets,129,201.5
20160117,Spurs,112,Mavericks,83,195.5
20160117,Mavericks,83,Spurs,112,195.5
20160117,Thunder,99,Heat,74,200
20160117,Heat,74,Thunder,99,200
20160117,Timberwolves,117,Suns,87,205.5
20160117,Suns,87,Timberwolves,117,205.5
20160118,Cavaliers,98,Warriors,132,209.5
20160118,Warriors,132,Cavaliers,98,209.5
20160118,Clippers,140,Rockets,132,209.5
20160118,Rockets,132,Clippers,140,209.5
20160118,Grizzlies,101,Pelicans,99,194.5
20160118,Pelicans,99,Grizzlies,101,194.5
20160118,Hawks,98,Magic,81,201
20160118,Magic,81,Hawks,98,201
20160118,Hornets,124,Jazz,119,186.5
20160118,Jazz,119,Hornets,124,186.5
20160118,Knicks,119,Seventysixers,113,202
20160118,Seventysixers,113,Knicks,119,202
20160118,Mavericks,118,Celtics,113,204
20160118,Celtics,113,Mavericks,118,204
20160118,Pistons,101,Bulls,111,202
20160118,Bulls,111,Pistons,101,202
20160118,Raptors,112,Nets,100,197.5
20160118,Nets,100,Raptors,112,197.5
20160118,Wizards,98,Trailblazers,108,210.5
20160118,Trailblazers,108,Wizards,98,210.5
20160119,Heat,79,Bucks,91,195
20160119,Bucks,91,Heat,79,195
20160119,Nuggets,104,Thunder,110,213.5
20160119,Thunder,110,Nuggets,104,213.5
20160119,Pelicans,114,Timberwolves,99,204
20160119,Timberwolves,99,Pelicans,114,204
20160119,Suns,94,Pacers,97,207.5
20160119,Pacers,97,Suns,94,207.5
20160120,Bulls,94,Warriors,125,216.5
20160120,Warriors,125,Bulls,94,216.5
20160120,Knicks,118,Jazz,111,188
20160120,Jazz,111,Knicks,118,188
20160120,Lakers,93,Kings,112,215
20160120,Kings,112,Lakers,93,215
20160120,Magic,87,Seventysixers,96,196
20160120,Seventysixers,96,Magic,87,196
20160120,Mavericks,106,Timberwolves,94,199
20160120,Timberwolves,94,Mavericks,106,199
20160120,Nets,78,Cavaliers,91,197.5
20160120,Cavaliers,91,Nets,78,197.5
20160120,Raptors,115,Celtics,109,202
20160120,Celtics,109,Raptors,115,202
20160120,Rockets,114,Pistons,123,209
20160120,Pistons,123,Rockets,114,209
20160120,Thunder,109,Hornets,95,206
20160120,Hornets,95,Thunder,109,206
20160120,Trailblazers,98,Hawks,104,209.5
20160120,Hawks,104,Trailblazers,98,209.5
20160120,Wizards,106,Heat,87,195
20160120,Heat,87,Wizards,106,195
20160121,Cavaliers,115,Clippers,102,202.5
20160121,Clippers,102,Cavaliers,115,202.5
20160121,Kings,91,Hawks,88,215.5
20160121,Hawks,88,Kings,91,215.5
20160121,Nuggets,101,Grizzlies,102,195
20160121,Grizzlies,102,Nuggets,101,195
20160121,Pelicans,115,Pistons,99,206
20160121,Pistons,99,Pelicans,115,206
20160121,Suns,89,Spurs,117,201.5
20160121,Spurs,117,Suns,89,201.5
20160122,Celtics,110,Bulls,101,209
20160122,Bulls,101,Celtics,110,209
20160122,Knicks,88,Clippers,116,205
20160122,Clippers,116,Knicks,88,205
20160122,Lakers,95,Spurs,108,200
20160122,Spurs,108,Lakers,95,200
20160122,Magic,116,Hornets,120,196
20160122,Hornets,120,Magic,116,196
20160122,Mavericks,106,Thunder,109,207
20160122,Thunder,109,Mavericks,106,207
20160122,Nets,86,Jazz,108,189
20160122,Jazz,108,Nets,86,189
20160122,Raptors,101,Heat,81,187
20160122,Heat,81,Raptors,101,187
20160122,Rockets,102,Bucks,98,209
20160122,Bucks,98,Rockets,102,209
20160122,Warriors,122,Pacers,110,216.5
20160122,Pacers,110,Warriors,122,216.5
20160123,Cavaliers,83,Bulls,96,202
20160123,Bulls,96,Cavaliers,83,202
20160123,Hornets,97,Knicks,84,198.5
20160123,Knicks,84,Hornets,97,198.5
20160123,Kings,108,Pacers,97,214.5
20160123,Pacers,97,Kings,108,214.5
20160123,Nuggets,104,Pistons,101,206.5
20160123,Pistons,101,Nuggets,104,206.5
20160123,Pelicans,116,Bucks,99,204.5
20160123,Bucks,99,Pelicans,116,204.5
20160123,Suns,98,Hawks,95,205
20160123,Hawks,95,Suns,98,205
20160123,Timberwolves,106,Grizzlies,101,193.5
20160123,Grizzlies,101,Timberwolves,106,193.5
20160123,Trailblazers,121,Lakers,103,208
20160123,Lakers,103,Trailblazers,121,208
20160124,Nets,116,Thunder,106,208.5
20160124,Thunder,106,Nets,116,208.5
20160124,Raptors,112,Clippers,94,205.5
20160124,Clippers,94,Raptors,112,205.5
20160124,Rockets,115,Mavericks,104,206.5
20160124,Mavericks,104,Rockets,115,206.5
20160124,Seventysixers,92,Celtics,112,206
20160124,Celtics,112,Seventysixers,92,206
20160125,Bulls,84,Heat,89,191
20160125,Heat,89,Bulls,84,191
20160125,Cavaliers,114,Timberwolves,107,204.5
20160125,Timberwolves,107,Cavaliers,114,204.5
20160125,Grizzlies,108,Magic,102,191
20160125,Magic,102,Grizzlies,108,191
20160125,Jazz,92,Pistons,95,193
20160125,Pistons,95,Jazz,92,193
20160125,Kings,128,Hornets,129,213.5
20160125,Hornets,129,Kings,128,213.5
20160125,Nuggets,105,Hawks,119,207.5
20160125,Hawks,119,Nuggets,105,207.5
20160125,Pelicans,111,Rockets,112,216.5
20160125,Rockets,112,Pelicans,111,216.5
20160125,Warriors,120,Spurs,90,210.5
20160125,Spurs,90,Warriors,120,210.5
20160125,Wizards,91,Celtics,116,212.5
20160125,Celtics,116,Wizards,91,212.5
20160126,Bucks,107,Magic,100,197
20160126,Magic,100,Bucks,107,197
20160126,Knicks,122,Thunder,128,210.5
20160126,Thunder,128,Knicks,122,210.5
20160126,Lakers,90,Mavericks,92,201
20160126,Mavericks,92,Lakers,90,201
20160126,Nets,98,Heat,102,191
20160126,Heat,102,Nets,98,191
20160126,Pacers,89,Clippers,91,207
20160126,Clippers,91,Pacers,89,207
20160126,Raptors,106,Wizards,89,206
20160126,Wizards,89,Raptors,106,206
20160126,Seventysixers,113,Suns,103,204.5
20160126,Suns,103,Seventysixers,113,204.5
20160126,Trailblazers,112,Kings,97,214
20160126,Kings,97,Trailblazers,112,214
20160127,Cavaliers,115,Suns,93,209.5
20160127,Suns,93,Cavaliers,115,209.5
20160127,Celtics,111,Nuggets,103,213.5
20160127,Nuggets,103,Celtics,111,213.5
20160127,Hawks,83,Clippers,85,206
20160127,Clippers,85,Hawks,83,206
20160127,Jazz,102,Hornets,73,192
20160127,Hornets,73,Jazz,102,192
20160127,Pistons,110,Seventysixers,97,206
20160127,Seventysixers,97,Pistons,110,206
20160127,Spurs,130,Rockets,99,208.5
20160127,Rockets,99,Spurs,130,208.5
20160127,Timberwolves,123,Thunder,126,213
20160127,Thunder,126,Timberwolves,123,213
20160127,Warriors,127,Mavericks,107,216
20160127,Mavericks,107,Warriors,127,216
20160128,Grizzlies,103,Bucks,83,193
20160128,Bucks,83,Grizzlies,103,193
20160128,Lakers,91,Bulls,114,200.5
20160128,Bulls,114,Lakers,91,200.5
20160128,Pacers,111,Hawks,92,203
20160128,Hawks,92,Pacers,111,203
20160128,Pelicans,114,Kings,105,216
20160128,Kings,105,Pelicans,114,216
20160128,Raptors,103,Knicks,93,199.5
20160128,Knicks,93,Raptors,103,199.5
20160128,Wizards,113,Nuggets,117,211
20160128,Nuggets,117,Wizards,113,211
20160129,Bucks,103,Heat,107,193.5
20160129,Heat,107,Bucks,103,193.5
20160129,Celtics,113,Magic,94,205.5
20160129,Magic,94,Celtics,113,205.5
20160129,Clippers,105,Lakers,93,204
20160129,Lakers,93,Clippers,105,204
20160129,Jazz,103,Timberwolves,90,193
20160129,Timberwolves,90,Jazz,103,193
20160129,Knicks,102,Suns,84,203.5
20160129,Suns,84,Knicks,102,203.5
20160129,Mavericks,91,Nets,79,199.5
20160129,Nets,79,Mavericks,91,199.5
20160129,Pistons,106,Cavaliers,114,208
20160129,Cavaliers,114,Pistons,106,208
20160129,Thunder,116,Rockets,108,222
20160129,Rockets,108,Thunder,116,222
20160129,Trailblazers,109,Hornets,91,205.5
20160129,Hornets,91,Trailblazers,109,205.5
20160130,Cavaliers,117,Spurs,103,205
20160130,Spurs,103,Cavaliers,117,205
20160130,Grizzlies,121,Kings,117,206
20160130,Kings,117,Grizzlies,121,206
20160130,Pacers,109,Nuggets,105,208
20160130,Nuggets,105,Pacers,109,208
20160130,Pelicans,105,Nets,103,206
20160130,Nets,103,Pelicans,105,206
20160130,Raptors,111,Pistons,107,204
20160130,Pistons,107,Raptors,111,204
20160130,Rockets,122,Wizards,123,219
20160130,Wizards,123,Rockets,122,219
20160130,Seventysixers,105,Warriors,108,218
20160130,Warriors,108,Seventysixers,105,218
20160131,Clippers,120,Bulls,93,203
20160131,Bulls,93,Clippers,120,203
20160131,Heat,105,Hawks,87,195
20160131,Hawks,87,Heat,105,195
20160131,Knicks,95,Warriors,116,219
20160131,Warriors,116,Knicks,95,219
20160131,Lakers,82,Hornets,101,201
20160131,Hornets,101,Lakers,82,201
20160131,Magic,119,Celtics,114,204.5
20160131,Celtics,114,Magic,119,204.5
20160131,Mavericks,91,Suns,78,199.5
20160131,Suns,78,Mavericks,91,199.5
20160131,Trailblazers,96,Timberwolves,93,208.5
20160131,Timberwolves,93,Trailblazers,96,208.5
20160201,Hawks,112,Mavericks,97,199
20160201,Mavericks,97,Hawks,112,199
20160201,Jazz,105,Bulls,96,193.5
20160201,Bulls,96,Jazz,105,193.5
20160201,Kings,111,Bucks,104,213.5
20160201,Bucks,104,Kings,111,213.5
20160201,Nets,100,Pistons,105,202.5
20160201,Pistons,105,Nets,100,202.5
20160201,Nuggets,112,Raptors,93,205
20160201,Raptors,93,Nuggets,112,205
20160201,Pacers,106,Cavaliers,111,209.5
20160201,Cavaliers,111,Pacers,106,209.5
20160201,Pelicans,95,Grizzlies,110,202.5
20160201,Grizzlies,110,Pelicans,95,202.5
20160201,Spurs,107,Magic,92,203
20160201,Magic,92,Spurs,107,203
20160201,Thunder,114,Wizards,98,221
20160201,Wizards,98,Thunder,114,221
20160202,Knicks,89,Celtics,97,208.5
20160202,Celtics,97,Knicks,89,208.5
20160202,Lakers,119,Timberwolves,115,205
20160202,Timberwolves,115,Lakers,119,205
20160202,Rockets,115,Heat,102,209.5
20160202,Heat,102,Rockets,115,209.5
20160202,Suns,97,Raptors,104,200
20160202,Raptors,104,Suns,97,200
20160202,Trailblazers,107,Bucks,95,205
20160202,Bucks,95,Trailblazers,107,205
20160203,Celtics,102,Pistons,95,208.5
20160203,Pistons,95,Celtics,102,208.5
20160203,Clippers,102,Timberwolves,108,209.5
20160203,Timberwolves,108,Clippers,102,209.5
20160203,Hornets,106,Cavaliers,97,203.5
20160203,Cavaliers,97,Hornets,106,203.5
20160203,Jazz,85,Nuggets,81,195
20160203,Nuggets,81,Jazz,85,195
20160203,Kings,102,Bulls,107,212.5
20160203,Bulls,107,Kings,102,212.5
20160203,Mavericks,90,Heat,93,194
20160203,Heat,93,Mavericks,90,194
20160203,Nets,100,Pacers,114,200
20160203,Pacers,114,Nets,100,200
20160203,Seventysixers,86,Hawks,124,208.5
20160203,Hawks,124,Seventysixers,86,208.5
20160203,Spurs,110,Pelicans,97,207
20160203,Pelicans,97,Spurs,110,207
20160203,Thunder,117,Magic,114,212
20160203,Magic,114,Thunder,117,212
20160203,Wizards,121,Warriors,134,227
20160203,Warriors,134,Wizards,121,227
20160204,Pelicans,96,Lakers,99,209.5
20160204,Lakers,99,Pelicans,96,209.5
20160204,Pistons,111,Knicks,105,203
20160204,Knicks,105,Pistons,111,203
20160204,Suns,105,Rockets,111,216
20160204,Rockets,111,Suns,105,216
20160204,Trailblazers,103,Raptors,110,206.5
20160204,Raptors,110,Trailblazers,103,206.5
20160205,Cavaliers,103,Celtics,104,210.5
20160205,Celtics,104,Cavaliers,103,210.5
20160205,Hawks,102,Pacers,96,206.5
20160205,Pacers,96,Hawks,102,206.5
20160205,Hornets,95,Heat,98,194
20160205,Heat,98,Hornets,95,194
20160205,Jazz,84,Bucks,81,188.5
20160205,Bucks,81,Jazz,84,188.5
20160205,Knicks,85,Grizzlies,91,194.5
20160205,Grizzlies,91,Knicks,85,194.5
20160205,Magic,93,Clippers,107,206.5
20160205,Clippers,107,Magic,93,206.5
20160205,Mavericks,90,Spurs,116,198
20160205,Spurs,116,Mavericks,90,198
20160205,Nets,128,Kings,119,213.5
20160205,Kings,119,Nets,128,213.5
20160205,Nuggets,115,Bulls,110,206.5
20160205,Bulls,110,Nuggets,115,206.5
20160205,Wizards,106,Seventysixers,94,214
20160205,Seventysixers,94,Wizards,106,214
20160206,Cavaliers,99,Pelicans,84,206
20160206,Pelicans,84,Cavaliers,99,206
20160206,Grizzlies,110,Mavericks,114,192.5
20160206,Mavericks,114,Grizzlies,110,192.5
20160206,Hornets,108,Wizards,104,210.5
20160206,Wizards,104,Hornets,108,210.5
20160206,Pacers,112,Pistons,104,204
20160206,Pistons,104,Pacers,112,204
20160206,Rockets,79,Trailblazers,96,217.5
20160206,Trailblazers,96,Rockets,79,217.5
20160206,Seventysixers,103,Nets,98,204.5
20160206,Nets,98,Seventysixers,103,204.5
20160206,Spurs,106,Lakers,102,204.5
20160206,Lakers,102,Spurs,106,204.5
20160206,Suns,89,Jazz,98,188.5
20160206,Jazz,98,Suns,89,188.5
20160206,Timberwolves,112,Bulls,105,205
20160206,Bulls,105,Timberwolves,112,205
20160206,Warriors,116,Thunder,108,232
20160206,Thunder,108,Warriors,116,232
20160207,Celtics,128,Kings,119,218.5
20160207,Kings,119,Celtics,128,218.5
20160207,Heat,93,Clippers,100,194.5
20160207,Clippers,100,Heat,93,194.5
20160207,Knicks,96,Nuggets,101,202
20160207,Nuggets,101,Knicks,96,202
20160207,Magic,96,Hawks,94,201.5
20160207,Hawks,94,Magic,96,201.5
20160208,Cavaliers,120,Kings,100,218.5
20160208,Kings,100,Cavaliers,120,218.5
20160208,Grizzlies,106,Trailblazers,112,201.5
20160208,Trailblazers,112,Grizzlies,106,201.5
20160208,Hawks,110,Magic,117,203
20160208,Magic,117,Hawks,110,203
20160208,Hornets,108,Bulls,91,200
20160208,Bulls,91,Hornets,108,200
20160208,Nets,105,Nuggets,104,205.5
20160208,Nuggets,104,Nets,105,205.5
20160208,Pacers,89,Lakers,87,206
20160208,Lakers,87,Pacers,89,206
20160208,Pistons,89,Raptors,103,206
20160208,Raptors,103,Pistons,89,206
20160208,Seventysixers,92,Clippers,98,206.5
20160208,Clippers,98,Seventysixers,92,206.5
20160208,Suns,106,Thunder,122,216
20160208,Thunder,122,Suns,106,216
20160208,Timberwolves,102,Pelicans,116,210.5
20160208,Pelicans,116,Timberwolves,102,210.5
20160209,Bucks,112,Celtics,111,208.5
20160209,Celtics,111,Bucks,112,208.5
20160209,Heat,101,Spurs,119,196
20160209,Spurs,119,Heat,101,196
20160209,Knicks,108,Wizards,111,208
20160209,Wizards,111,Knicks,108,208
20160209,Mavericks,119,Jazz,121,186
20160209,Jazz,121,Mavericks,119,186
20160209,Warriors,123,Rockets,110,230.5
20160209,Rockets,110,Warriors,123,230.5
20160210,Bulls,90,Hawks,113,205
20160210,Hawks,113,Bulls,90,205
20160210,Cavaliers,120,Lakers,111,210
20160210,Lakers,111,Cavaliers,120,210
20160210,Celtics,139,Clippers,134,211
20160210,Clippers,134,Celtics,139,211
20160210,Magic,96,Spurs,98,202.5
20160210,Spurs,98,Magic,96,202.5
20160210,Nets,90,Grizzlies,109,198.5
20160210,Grizzlies,109,Nets,90,198.5
20160210,Pacers,95,Hornets,117,201
20160210,Hornets,117,Pacers,95,201
20160210,Pelicans,100,Jazz,96,195
20160210,Jazz,96,Pelicans,100,195
20160210,Pistons,92,Nuggets,103,207
20160210,Nuggets,103,Pistons,92,207
20160210,Seventysixers,110,Kings,114,219
20160210,Kings,114,Seventysixers,110,219
20160210,Suns,104,Warriors,112,219.5
20160210,Warriors,112,Suns,104,219.5
20160210,Timberwolves,117,Raptors,112,207
20160210,Raptors,112,Timberwolves,117,207
20160210,Trailblazers,116,Rockets,103,216
20160210,Rockets,103,Trailblazers,116,216
20160211,Bucks,99,Wizards,92,213
20160211,Wizards,92,Bucks,99,213
20160211,Thunder,121,Pelicans,95,218.5
20160211,Pelicans,95,Thunder,121,218.5
20160218,Cavaliers,106,Bulls,95,206
20160218,Bulls,95,Cavaliers,106,206
20160218,Clippers,105,Spurs,86,206
20160218,Spurs,86,Clippers,105,206
20160218,Wizards,103,Jazz,89,196.5
20160218,Jazz,89,Wizards,103,196.5
20160219,Bucks,95,Hornets,98,202
20160219,Hornets,98,Bucks,95,202
20160219,Bulls,116,Raptors,106,201
20160219,Raptors,106,Bulls,116,201
20160219,Grizzlies,109,Timberwolves,104,205
20160219,Timberwolves,104,Grizzlies,109,205
20160219,Hawks,111,Heat,115,196.5
20160219,Heat,115,Hawks,111,196.5
20160219,Jazz,111,Celtics,93,196
20160219,Celtics,93,Jazz,111,196
20160219,Kings,116,Nuggets,110,218
20160219,Nuggets,110,Kings,116,218
20160219,Lakers,113,Spurs,119,203.5
20160219,Spurs,119,Lakers,113,203.5
20160219,Magic,110,Mavericks,104,202.5
20160219,Mavericks,104,Magic,110,202.5
20160219,Nets,109,Knicks,98,202
20160219,Knicks,98,Nets,109,202
20160219,Pelicans,121,Seventysixers,114,207.5
20160219,Seventysixers,114,Pelicans,121,207.5
20160219,Suns,100,Rockets,116,214.5
20160219,Rockets,116,Suns,100,214.5
20160219,Thunder,98,Pacers,101,215
20160219,Pacers,101,Thunder,98,215
20160219,Trailblazers,137,Warriors,105,225
20160219,Warriors,105,Trailblazers,137,225
20160219,Wizards,98,Pistons,86,208.5
20160219,Pistons,86,Wizards,98,208.5
20160220,Clippers,112,Warriors,115,226.5
20160220,Warriors,115,Clippers,112,226.5
20160220,Hawks,109,Bucks,117,207
20160220,Bucks,117,Hawks,109,207
20160220,Heat,114,Wizards,94,201
20160220,Wizards,94,Heat,114,201
20160220,Timberwolves,95,Knicks,103,207
20160220,Knicks,103,Timberwolves,95,207
20160221,Bulls,126,Lakers,115,209
20160221,Lakers,115,Bulls,126,209
20160221,Magic,102,Pacers,105,202.5
20160221,Pacers,105,Magic,102,202.5
20160221,Mavericks,129,Seventysixers,103,204
20160221,Seventysixers,103,Mavericks,129,204
20160221,Nets,96,Hornets,104,203
20160221,Hornets,104,Nets,96,203
20160221,Nuggets,101,Celtics,121,214.5
20160221,Celtics,121,Nuggets,101,214.5
20160221,Pistons,106,Pelicans,111,206.5
20160221,Pelicans,111,Pistons,106,206.5
20160221,Raptors,98,Grizzlies,85,203
20160221,Grizzlies,85,Raptors,98,203
20160221,Suns,111,Spurs,118,204.5
20160221,Spurs,118,Suns,111,204.5
20160221,Thunder,92,Cavaliers,115,217
20160221,Cavaliers,115,Thunder,92,217
20160221,Trailblazers,115,Jazz,111,198
20160221,Jazz,111,Trailblazers,115,198
20160222,Bucks,108,Lakers,101,209
20160222,Lakers,101,Bucks,108,209
20160222,Cavaliers,88,Pistons,96,206.5
20160222,Pistons,96,Cavaliers,88,206.5
20160222,Clippers,124,Suns,84,210
20160222,Suns,84,Clippers,124,210
20160222,Hawks,92,Warriors,102,225
20160222,Warriors,102,Hawks,92,225
20160222,Heat,101,Pacers,93,202.5
20160222,Pacers,93,Heat,101,202.5
20160222,Knicks,95,Raptors,122,203
20160222,Raptors,122,Knicks,95,203
20160222,Timberwolves,124,Celtics,122,217.5
20160222,Celtics,122,Timberwolves,124,217.5
20160223,Jazz,117,Rockets,114,204
20160223,Rockets,114,Jazz,117,204
20160223,Nuggets,110,Kings,114,223
20160223,Kings,114,Nuggets,110,223
20160223,Seventysixers,115,Magic,124,208
20160223,Magic,124,Seventysixers,115,208
20160223,Trailblazers,112,Nets,104,212
20160223,Nets,104,Trailblazers,112,212
20160223,Wizards,109,Pelicans,89,215
20160223,Pelicans,89,Wizards,109,215
20160224,Bulls,109,Wizards,104,212.5
20160224,Wizards,104,Bulls,109,212.5
20160224,Cavaliers,114,Hornets,103,207
20160224,Hornets,103,Cavaliers,114,207
20160224,Clippers,81,Nuggets,87,213.5
20160224,Nuggets,87,Clippers,81,213.5
20160224,Grizzlies,128,Lakers,119,208
20160224,Lakers,119,Grizzlies,128,208
20160224,Heat,112,Warriors,118,218
20160224,Warriors,118,Heat,112,218
20160224,Kings,92,Spurs,108,217.5
20160224,Spurs,108,Kings,92,217.5
20160224,Mavericks,103,Thunder,116,214.5
20160224,Thunder,116,Mavericks,103,214.5
20160224,Pacers,108,Knicks,105,202
20160224,Knicks,105,Pacers,108,202
20160224,Pistons,111,Seventysixers,91,209
20160224,Seventysixers,91,Pistons,111,209
20160224,Raptors,114,Timberwolves,105,213
20160224,Timberwolves,105,Raptors,114,213
20160225,Celtics,112,Bucks,107,214.5
20160225,Bucks,107,Celtics,112,214.5
20160225,Jazz,78,Spurs,96,193
20160225,Spurs,96,Jazz,78,193
20160225,Magic,114,Warriors,130,223.5
20160225,Warriors,130,Magic,114,223.5
20160225,Pelicans,123,Thunder,119,221.5
20160225,Thunder,119,Pelicans,123,221.5
20160225,Suns,106,Nets,116,208
20160225,Nets,116,Suns,106,208
20160225,Trailblazers,105,Rockets,119,221.5
20160225,Rockets,119,Trailblazers,105,221.5
20160226,Hawks,103,Bulls,88,208
20160226,Bulls,88,Hawks,103,208
20160226,Kings,107,Clippers,117,219
20160226,Clippers,117,Kings,107,219
20160226,Knicks,108,Magic,95,208
20160226,Magic,95,Knicks,108,208
20160226,Lakers,95,Grizzlies,112,211
20160226,Grizzlies,112,Lakers,95,211
20160226,Mavericks,122,Nuggets,116,209.5
20160226,Nuggets,116,Mavericks,122,209.5
20160226,Pacers,95,Hornets,96,203.5
20160226,Hornets,96,Pacers,95,203.5
20160226,Raptors,99,Cavaliers,97,206.5
20160226,Cavaliers,97,Raptors,99,206.5
20160226,Seventysixers,94,Wizards,103,216
20160226,Wizards,103,Seventysixers,94,216
20160227,Bucks,91,Pistons,102,202.5
20160227,Pistons,102,Bucks,91,202.5
20160227,Bulls,95,Trailblazers,103,209.5
20160227,Trailblazers,103,Bulls,95,209.5
20160227,Celtics,101,Heat,89,211
20160227,Heat,89,Celtics,101,211
20160227,Jazz,96,Nets,98,196.5
20160227,Nets,98,Jazz,96,196.5
20160227,Pelicans,110,Timberwolves,112,219
20160227,Timberwolves,112,Pelicans,110,219
20160227,Rockets,94,Spurs,104,213.5
20160227,Spurs,104,Rockets,94,213.5
20160227,Suns,111,Grizzlies,106,208
20160227,Grizzlies,106,Suns,111,208
20160227,Thunder,118,Warriors,121,233.5
20160227,Warriors,121,Thunder,118,233.5
20160228,Hawks,87,Hornets,76,201.5
20160228,Hornets,76,Hawks,87,201.5
20160228,Knicks,81,Heat,98,197.5
20160228,Heat,98,Knicks,81,197.5
20160228,Magic,130,Seventysixers,116,214
20160228,Seventysixers,116,Magic,130,214
20160228,Mavericks,128,Timberwolves,101,213
20160228,Timberwolves,101,Mavericks,128,213
20160228,Pacers,102,Trailblazers,111,209
20160228,Trailblazers,111,Pacers,102,209
20160228,Pistons,114,Raptors,101,202.5
20160228,Raptors,101,Pistons,114,202.5
20160228,Wizards,113,Cavaliers,99,206.5
20160228,Cavaliers,99,Wizards,113,206.5
20160229,Bucks,128,Rockets,121,215.5
20160229,Rockets,121,Bucks,128,215.5
20160229,Cavaliers,100,Pacers,96,202
20160229,Pacers,96,Cavaliers,100,202
20160229,Celtics,100,Jazz,95,204
20160229,Jazz,95,Celtics,100,204
20160229,Clippers,105,Nets,95,211.5
20160229,Nets,95,Clippers,105,211.5
20160229,Kings,116,Thunder,131,227.5
20160229,Thunder,131,Kings,116,227.5
20160229,Nuggets,96,Grizzlies,103,205
20160229,Grizzlies,103,Nuggets,96,205
20160229,Wizards,116,Seventysixers,108,215
20160229,Seventysixers,108,Wizards,116,215
20160301,Heat,129,Bulls,111,201
20160301,Bulls,111,Heat,129,201
20160301,Hornets,126,Suns,92,209.5
20160301,Suns,92,Hornets,126,209.5
20160301,Knicks,85,Trailblazers,104,208
20160301,Trailblazers,104,Knicks,85,208
20160301,Lakers,107,Nets,101,212
20160301,Nets,101,Lakers,107,212
20160301,Mavericks,121,Magic,108,214
20160301,Magic,108,Mavericks,121,214
20160301,Warriors,109,Hawks,105,215
20160301,Hawks,105,Warriors,109,215
20160302,Bucks,99,Pacers,104,204
20160302,Pacers,104,Bucks,99,204
20160302,Celtics,116,Trailblazers,93,218
20160302,Trailblazers,93,Celtics,116,218
20160302,Clippers,103,Thunder,98,218
20160302,Thunder,98,Clippers,103,218
20160302,Grizzlies,104,Kings,98,214.5
20160302,Kings,98,Grizzlies,104,214.5
20160302,Magic,102,Bulls,89,213
20160302,Bulls,89,Magic,102,213
20160302,Nuggets,117,Lakers,107,212.5
20160302,Lakers,107,Nuggets,117,212.5
20160302,Raptors,104,Jazz,94,193.5
20160302,Jazz,94,Raptors,104,193.5
20160302,Rockets,100,Pelicans,95,221.5
20160302,Pelicans,95,Rockets,100,221.5
20160302,Seventysixers,99,Hornets,119,209.5
20160302,Hornets,119,Seventysixers,99,209.5
20160302,Spurs,97,Pistons,81,201
20160302,Pistons,81,Spurs,97,201
20160302,Timberwolves,98,Wizards,104,219.5
20160302,Wizards,104,Timberwolves,98,219.5
20160303,Heat,108,Suns,92,209
20160303,Suns,92,Heat,108,209
20160303,Mavericks,101,Kings,104,221
20160303,Kings,104,Mavericks,101,221
20160303,Pelicans,86,Spurs,94,207
20160303,Spurs,94,Pelicans,86,207
20160303,Warriors,121,Thunder,106,228
20160303,Thunder,106,Warriors,121,228
20160304,Bucks,116,Timberwolves,101,214
20160304,Timberwolves,101,Bucks,116,214
20160304,Cavaliers,108,Wizards,83,209
20160304,Wizards,83,Cavaliers,108,209
20160304,Celtics,105,Knicks,104,210
20160304,Knicks,104,Celtics,105,210
20160304,Grizzlies,94,Jazz,88,192
20160304,Jazz,88,Grizzlies,94,192
20160304,Hornets,108,Pacers,101,201.5
20160304,Pacers,101,Hornets,108,201.5
20160304,Lakers,77,Hawks,106,204
20160304,Hawks,106,Lakers,77,204
20160304,Magic,84,Suns,102,214.5
20160304,Suns,102,Magic,84,214.5
20160304,Nuggets,120,Nets,121,208.5
20160304,Nets,121,Nuggets,120,208.5
20160304,Raptors,117,Trailblazers,115,208.5
20160304,Trailblazers,115,Raptors,117,208.5
20160304,Seventysixers,102,Heat,112,209
20160304,Heat,112,Seventysixers,102,209
20160305,Bulls,108,Rockets,100,215.5
20160305,Rockets,100,Bulls,108,215.5
20160305,Cavaliers,120,Celtics,103,211.5
20160305,Celtics,103,Cavaliers,120,211.5
20160305,Clippers,97,Hawks,107,201
20160305,Hawks,107,Clippers,97,201
20160305,Knicks,102,Pistons,89,199.5
20160305,Pistons,89,Knicks,102,199.5
20160305,Pelicans,94,Jazz,106,198
20160305,Jazz,106,Pelicans,94,198
20160305,Spurs,104,Kings,94,210.5
20160305,Kings,94,Spurs,104,210.5
20160305,Timberwolves,132,Nets,118,212.5
20160305,Nets,118,Timberwolves,132,212.5
20160305,Wizards,99,Pacers,100,206.5
20160305,Pacers,100,Wizards,99,206.5
20160306,Bucks,96,Thunder,104,218
20160306,Thunder,104,Bucks,96,218
20160306,Grizzlies,100,Suns,109,206.5
20160306,Suns,109,Grizzlies,100,206.5
20160306,Heat,103,Seventysixers,98,210.5
20160306,Seventysixers,98,Heat,103,210.5
20160306,Lakers,112,Warriors,95,220.5
20160306,Warriors,95,Lakers,112,220.5
20160306,Nuggets,116,Mavericks,114,210.5
20160306,Mavericks,114,Nuggets,116,210.5
20160306,Pistons,123,Trailblazers,103,207
20160306,Trailblazers,103,Pistons,123,207
20160306,Raptors,107,Rockets,113,214
20160306,Rockets,113,Raptors,107,214
20160307,Bulls,100,Bucks,90,210.5
20160307,Bucks,90,Bulls,100,210.5
20160307,Cavaliers,103,Grizzlies,106,203
20160307,Grizzlies,106,Cavaliers,103,203
20160307,Hornets,108,Timberwolves,103,213.5
20160307,Timberwolves,103,Hornets,108,213.5
20160307,Mavericks,90,Clippers,109,210
20160307,Clippers,109,Mavericks,90,210
20160307,Pacers,99,Spurs,91,196
20160307,Spurs,91,Pacers,99,196
20160307,Pelicans,115,Kings,112,220
20160307,Kings,112,Pelicans,115,220
20160307,Warriors,119,Magic,113,225.5
20160307,Magic,113,Warriors,119,225.5
20160308,Jazz,84,Hawks,91,191.5
20160308,Hawks,91,Jazz,84,191.5
20160308,Lakers,107,Magic,98,212.5
20160308,Magic,98,Lakers,107,212.5
20160308,Nuggets,110,Knicks,94,205.5
20160308,Knicks,94,Nuggets,110,205.5
20160308,Raptors,104,Nets,99,208.5
20160308,Nets,99,Raptors,104,208.5
20160308,Timberwolves,91,Spurs,116,207
20160308,Spurs,116,Timberwolves,91,207
20160308,Trailblazers,116,Wizards,109,214
20160308,Wizards,109,Trailblazers,116,214
20160309,Bucks,114,Heat,108,200
20160309,Heat,108,Bucks,114,200
20160309,Celtics,116,Grizzlies,96,210
20160309,Grizzlies,96,Celtics,116,210
20160309,Hornets,122,Pelicans,113,209.5
20160309,Pelicans,113,Hornets,122,209.5
20160309,Kings,111,Cavaliers,120,218
20160309,Cavaliers,120,Kings,111,218
20160309,Mavericks,96,Pistons,102,205.5
20160309,Pistons,102,Mavericks,96,205.5
20160309,Seventysixers,104,Rockets,118,220.5
20160309,Rockets,118,Seventysixers,104,220.5
20160309,Suns,97,Knicks,128,207
20160309,Knicks,128,Suns,97,207
20160309,Thunder,120,Clippers,108,215.5
20160309,Clippers,108,Thunder,120,215.5
20160309,Warriors,115,Jazz,94,208
20160309,Jazz,94,Warriors,115,208
20160310,Lakers,108,Cavaliers,120,211
20160310,Cavaliers,120,Lakers,108,211
20160310,Nuggets,116,Suns,98,215
20160310,Suns,98,Nuggets,116,215
20160310,Raptors,104,Hawks,96,200.5
20160310,Hawks,96,Raptors,104,200.5
20160310,Spurs,109,Bulls,101,201.5
20160310,Bulls,101,Spurs,109,201.5
20160311,Bulls,96,Heat,118,201.5
20160311,Heat,118,Bulls,96,201.5
20160311,Celtics,98,Rockets,102,222
20160311,Rockets,102,Celtics,98,222
20160311,Clippers,101,Knicks,94,204
20160311,Knicks,94,Clippers,101,204
20160311,Grizzlies,121,Pelicans,114,204.5
20160311,Pelicans,114,Grizzlies,121,204.5
20160311,Hornets,118,Pistons,103,203
20160311,Pistons,103,Hornets,118,203
20160311,Jazz,114,Wizards,93,198.5
20160311,Wizards,93,Jazz,114,198.5
20160311,Kings,100,Magic,107,218
20160311,Magic,107,Kings,100,218
20160311,Seventysixers,95,Nets,89,210
20160311,Nets,89,Seventysixers,95,210
20160311,Thunder,96,Timberwolves,99,223.5
20160311,Timberwolves,99,Thunder,96,223.5
20160311,Warriors,128,Trailblazers,112,227.5
20160311,Trailblazers,112,Warriors,128,227.5
20160312,Bucks,103,Pelicans,92,210
20160312,Pelicans,92,Bucks,103,210
20160312,Hawks,95,Grizzlies,83,194
20160312,Grizzlies,83,Hawks,95,194
20160312,Hornets,125,Rockets,109,215.5
20160312,Rockets,109,Hornets,125,215.5
20160312,Mavericks,105,Pacers,112,204.5
20160312,Pacers,112,Mavericks,105,204.5
20160312,Nuggets,116,Wizards,100,213
20160312,Wizards,100,Nuggets,116,213
20160312,Raptors,112,Heat,104,202
20160312,Heat,104,Raptors,112,202
20160312,Seventysixers,111,Pistons,125,207
20160312,Pistons,125,Seventysixers,111,207
20160312,Spurs,93,Thunder,85,211
20160312,Thunder,85,Spurs,93,211
20160312,Trailblazers,121,Magic,84,215
20160312,Magic,84,Trailblazers,121,215
20160312,Warriors,123,Suns,116,227
20160312,Suns,116,Warriors,123,227
20160313,Clippers,90,Cavaliers,114,207.5
20160313,Cavaliers,114,Clippers,90,207.5
20160313,Hawks,104,Pacers,75,197.5
20160313,Pacers,75,Hawks,104,197.5
20160313,Kings,99,Jazz,108,207
20160313,Jazz,108,Kings,99,207
20160313,Lakers,87,Knicks,90,207
20160313,Knicks,90,Lakers,87,207
20160313,Nets,100,Bucks,109,208.5
20160313,Bucks,109,Nets,100,208.5
20160314,Heat,124,Nuggets,119,209
20160314,Nuggets,119,Heat,124,209
20160314,Hornets,96,Mavericks,107,209
20160314,Mavericks,107,Hornets,96,209
20160314,Jazz,94,Cavaliers,85,194
20160314,Cavaliers,85,Jazz,94,194
20160314,Raptors,107,Bulls,109,206
20160314,Bulls,109,Raptors,107,206
20160314,Rockets,130,Grizzlies,81,208.5
20160314,Grizzlies,81,Rockets,130,208.5
20160314,Suns,107,Timberwolves,104,220.5
20160314,Timberwolves,104,Suns,107,220.5
20160314,Thunder,128,Trailblazers,94,220.5
20160314,Trailblazers,94,Thunder,128,220.5
20160314,Warriors,125,Pelicans,107,230.5
20160314,Pelicans,107,Warriors,125,230.5
20160314,Wizards,124,Pistons,81,210
20160314,Pistons,81,Wizards,124,210
20160315,Bucks,89,Raptors,107,205.5
20160315,Raptors,107,Bucks,89,205.5
20160315,Lakers,98,Kings,106,218.5
20160315,Kings,106,Lakers,98,218.5
20160315,Magic,116,Nuggets,110,214.5
20160315,Nuggets,110,Magic,116,214.5
20160315,Nets,131,Seventysixers,114,212
20160315,Seventysixers,114,Nets,131,212
20160315,Pacers,103,Celtics,98,208.5
20160315,Celtics,98,Pacers,103,208.5
20160315,Spurs,108,Clippers,87,200.5
20160315,Clippers,87,Spurs,108,200.5
20160316,Cavaliers,99,Mavericks,98,206.5
20160316,Mavericks,98,Cavaliers,99,206.5
20160316,Celtics,109,Thunder,130,220.5
20160316,Thunder,130,Celtics,109,220.5
20160316,Grizzlies,108,Timberwolves,114,208
20160316,Timberwolves,114,Grizzlies,108,208
20160316,Hornets,107,Magic,99,211
20160316,Magic,99,Hornets,107,211
20160316,Kings,108,Pelicans,123,223.5
20160316,Pelicans,123,Kings,108,223.5
20160316,Pistons,114,Hawks,118,199.5
20160316,Hawks,118,Pistons,114,199.5
20160316,Rockets,106,Clippers,122,216
20160316,Clippers,122,Rockets,106,216
20160316,Warriors,121,Knicks,85,222
20160316,Knicks,85,Warriors,121,222
20160316,Wizards,117,Bulls,96,213
20160316,Bulls,96,Wizards,117,213
20160317,Bucks,96,Grizzlies,86,201
20160317,Grizzlies,86,Bucks,96,201
20160317,Bulls,118,Nets,102,213
20160317,Nets,102,Bulls,118,213
20160317,Hawks,116,Nuggets,98,210
20160317,Nuggets,98,Hawks,116,210
20160317,Heat,106,Hornets,109,209
20160317,Hornets,109,Heat,106,209
20160317,Jazz,103,Suns,69,198.5
20160317,Suns,69,Jazz,103,198.5
20160317,Pacers,94,Raptors,101,203
20160317,Raptors,101,Pacers,94,203
20160317,Seventysixers,94,Wizards,99,215
20160317,Wizards,99,Seventysixers,94,215
20160317,Spurs,118,Trailblazers,110,204.5
20160317,Trailblazers,110,Spurs,118,204.5
20160318,Lakers,90,Suns,95,213.5
20160318,Suns,95,Lakers,90,213.5
20160318,Magic,103,Cavaliers,109,211
20160318,Cavaliers,109,Magic,103,211
20160318,Mavericks,112,Warriors,130,226.5
20160318,Warriors,130,Mavericks,112,226.5
20160318,Pelicans,112,Trailblazers,117,219
20160318,Trailblazers,117,Pelicans,112,219
20160318,Pistons,115,Kings,108,218
20160318,Kings,108,Pistons,115,218
20160318,Raptors,105,Celtics,91,209
20160318,Celtics,91,Raptors,105,209
20160318,Rockets,116,Timberwolves,111,225
20160318,Timberwolves,111,Rockets,116,225
20160318,Seventysixers,97,Thunder,111,219.5
20160318,Thunder,111,Seventysixers,97,219.5
20160319,Bulls,92,Jazz,85,195
20160319,Jazz,85,Bulls,92,195
20160319,Grizzlies,113,Clippers,102,200
20160319,Clippers,102,Grizzlies,113,200
20160319,Hawks,109,Rockets,97,214
20160319,Rockets,97,Hawks,109,214
20160319,Heat,122,Cavaliers,101,207
20160319,Cavaliers,101,Heat,122,207
20160319,Hornets,93,Nuggets,101,215.5
20160319,Nuggets,101,Hornets,93,215.5
20160319,Pacers,111,Thunder,115,211
20160319,Thunder,115,Pacers,111,211
20160319,Pistons,115,Nets,103,211
20160319,Nets,103,Pistons,115,211
20160319,Spurs,87,Warriors,79,219
20160319,Warriors,79,Spurs,87,219
20160319,Wizards,99,Knicks,89,206.5
20160319,Knicks,89,Wizards,99,206.5
20160320,Bucks,85,Jazz,94,190.5
20160320,Jazz,94,Bucks,85,190.5
20160320,Knicks,80,Kings,88,212.5
20160320,Kings,88,Knicks,80,212.5
20160320,Mavericks,132,Trailblazers,120,215
20160320,Trailblazers,120,Mavericks,132,215
20160320,Pelicans,109,Clippers,105,211
20160320,Clippers,105,Pelicans,109,211
20160320,Raptors,105,Magic,100,209
20160320,Magic,100,Raptors,105,209
20160320,Seventysixers,105,Celtics,120,215
20160320,Celtics,120,Seventysixers,105,215
20160321,Bulls,109,Kings,102,218
20160321,Kings,102,Bulls,109,218
20160321,Cavaliers,124,Nuggets,91,213
20160321,Nuggets,91,Cavaliers,124,213
20160321,Celtics,107,Magic,96,215.5
20160321,Magic,96,Celtics,107,215.5
20160321,Hawks,102,Wizards,117,207.5
20160321,Wizards,117,Hawks,102,207.5
20160321,Hornets,91,Spurs,88,196
20160321,Spurs,88,Hornets,91,196
20160321,Pacers,91,Seventysixers,75,208.5
20160321,Seventysixers,75,Pacers,91,208.5
20160321,Pistons,92,Bucks,91,205.5
20160321,Bucks,91,Pistons,92,205.5
20160321,Suns,97,Grizzlies,103,204.5
20160321,Grizzlies,103,Suns,97,204.5
20160321,Timberwolves,104,Warriors,109,232
20160321,Warriors,109,Timberwolves,104,232
20160322,Lakers,107,Grizzlies,100,202
20160322,Grizzlies,100,Lakers,107,202
20160322,Nets,100,Hornets,105,207.5
20160322,Hornets,105,Nets,100,207.5
20160322,Pelicans,99,Heat,113,209
20160322,Heat,113,Pelicans,99,209
20160322,Thunder,111,Rockets,107,224
20160322,Rockets,107,Thunder,111,224
20160323,Bulls,107,Knicks,115,203.5
20160323,Knicks,115,Bulls,107,203.5
20160323,Cavaliers,113,Bucks,104,208
20160323,Bucks,104,Cavaliers,113,208
20160323,Celtics,91,Raptors,79,206.5
20160323,Raptors,79,Celtics,91,206.5
20160323,Nuggets,104,Seventysixers,103,213
20160323,Seventysixers,103,Nuggets,104,213
20160323,Pistons,118,Magic,102,208
20160323,Magic,102,Pistons,118,208
20160323,Rockets,87,Jazz,89,200
20160323,Jazz,89,Rockets,87,200
20160323,Spurs,112,Heat,88,197
20160323,Heat,88,Spurs,112,197
20160323,Suns,119,Lakers,107,212
20160323,Lakers,107,Suns,119,212
20160323,Timberwolves,113,Kings,104,222
20160323,Kings,104,Timberwolves,113,222
20160323,Trailblazers,109,Mavericks,103,212.5
20160323,Mavericks,103,Trailblazers,109,212.5
20160323,Warriors,114,Clippers,98,223.5
20160323,Clippers,98,Warriors,114,223.5
20160323,Wizards,101,Hawks,122,209
20160323,Hawks,122,Wizards,101,209
20160324,Clippers,96,Trailblazers,94,213.5
20160324,Trailblazers,94,Clippers,96,213.5
20160324,Knicks,106,Bulls,94,203
20160324,Bulls,94,Knicks,106,203
20160324,Nets,104,Cavaliers,95,208.5
20160324,Cavaliers,95,Nets,104,208.5
20160324,Pacers,92,Pelicans,84,204
20160324,Pelicans,84,Pacers,92,204
20160324,Thunder,113,Jazz,91,199
20160324,Jazz,91,Thunder,113,199
20160325,Hawks,101,Bucks,90,201.5
20160325,Bucks,90,Hawks,101,201.5
20160325,Heat,108,Magic,97,208
20160325,Magic,97,Heat,108,208
20160325,Kings,116,Suns,94,222
20160325,Suns,94,Kings,116,222
20160325,Lakers,105,Nuggets,116,214.5
20160325,Nuggets,116,Lakers,105,214.5
20160325,Pistons,112,Hornets,105,206
20160325,Hornets,105,Pistons,112,206
20160325,Rockets,112,Raptors,109,211.5
20160325,Raptors,109,Rockets,112,211.5
20160325,Spurs,110,Grizzlies,104,192.5
20160325,Grizzlies,104,Spurs,110,192.5
20160325,Warriors,128,Mavericks,120,223.5
20160325,Mavericks,120,Warriors,128,223.5
20160325,Wizards,129,Timberwolves,132,218.5
20160325,Timberwolves,132,Wizards,129,218.5
20160326,Bucks,91,Hornets,115,203
20160326,Hornets,115,Bucks,91,203
20160326,Knicks,93,Cavaliers,107,202
20160326,Cavaliers,107,Knicks,93,202
20160326,Magic,111,Bulls,89,208.5
20160326,Bulls,89,Magic,111,208.5
20160326,Nets,120,Pacers,110,204
20160326,Pacers,110,Nets,120,204
20160326,Pelicans,91,Raptors,115,201.5
20160326,Raptors,115,Pelicans,91,201.5
20160326,Pistons,95,Hawks,112,206.5
20160326,Hawks,112,Pistons,95,206.5
20160326,Suns,99,Celtics,102,215.5
20160326,Celtics,102,Suns,99,215.5
20160326,Thunder,111,Spurs,92,206
20160326,Spurs,92,Thunder,111,206
20160326,Timberwolves,84,Jazz,93,195.5
20160326,Jazz,93,Timberwolves,84,195.5
20160326,Trailblazers,108,Seventysixers,105,217
20160326,Seventysixers,105,Trailblazers,108,217
20160327,Clippers,105,Nuggets,90,210
20160327,Nuggets,90,Clippers,105,210
20160327,Kings,133,Mavericks,111,217.5
20160327,Mavericks,111,Kings,133,217.5
20160327,Lakers,88,Wizards,101,212.5
20160327,Wizards,101,Lakers,88,212.5
20160327,Pacers,104,Rockets,101,210
20160327,Rockets,101,Pacers,104,210
20160327,Warriors,117,Seventysixers,105,225
20160327,Seventysixers,105,Warriors,117,225
20160328,Bulls,100,Hawks,102,205.5
20160328,Hawks,102,Bulls,100,205.5
20160328,Clippers,114,Celtics,90,209
20160328,Celtics,90,Clippers,114,209
20160328,Grizzlies,87,Spurs,101,191.5
20160328,Spurs,101,Grizzlies,87,191.5
20160328,Heat,110,Nets,99,212
20160328,Nets,99,Heat,110,212
20160328,Jazz,123,Lakers,75,191
20160328,Lakers,75,Jazz,123,191
20160328,Nuggets,88,Mavericks,97,211.5
20160328,Mavericks,97,Nuggets,88,211.5
20160328,Pelicans,99,Knicks,91,202
20160328,Knicks,91,Pelicans,99,202
20160328,Raptors,100,Thunder,119,211
20160328,Thunder,119,Raptors,100,211
20160328,Timberwolves,121,Suns,116,218.5
20160328,Suns,116,Timberwolves,121,218.5
20160328,Trailblazers,105,Kings,93,220
20160328,Kings,93,Trailblazers,105,220
20160329,Cavaliers,100,Rockets,106,212
20160329,Rockets,106,Cavaliers,100,212
20160329,Magic,139,Nets,105,213
20160329,Nets,105,Magic,139,213
20160329,Pacers,96,Bulls,98,202
20160329,Bulls,98,Pacers,96,202
20160329,Pistons,88,Thunder,82,212.5
20160329,Thunder,82,Pistons,88,212.5
20160329,Seventysixers,85,Hornets,100,209
20160329,Hornets,100,Seventysixers,85,209
20160329,Warriors,102,Wizards,94,226.5
20160329,Wizards,94,Warriors,102,226.5
20160330,Bucks,105,Suns,94,210.5
20160330,Suns,94,Bucks,105,210.5
20160330,Grizzlies,105,Nuggets,109,204
20160330,Nuggets,109,Grizzlies,105,204
20160330,Jazz,96,Warriors,103,203
20160330,Warriors,103,Jazz,96,203
20160330,Kings,120,Wizards,111,219.5
20160330,Wizards,111,Kings,120,219.5
20160330,Lakers,102,Heat,100,207
20160330,Heat,100,Lakers,102,207
20160330,Mavericks,91,Knicks,89,199.5
20160330,Knicks,89,Mavericks,91,199.5
20160330,Raptors,105,Hawks,97,201
20160330,Hawks,97,Raptors,105,201
20160330,Spurs,100,Pelicans,92,196.5
20160330,Pelicans,92,Spurs,100,196.5
20160330,Timberwolves,79,Clippers,99,212
20160330,Clippers,99,Timberwolves,79,212
20160331,Cavaliers,107,Nets,87,210.5
20160331,Nets,87,Cavaliers,107,210.5
20160331,Pacers,94,Magic,114,208
20160331,Magic,114,Pacers,94,208
20160331,Pelicans,101,Nuggets,95,206.5
20160331,Nuggets,95,Pelicans,101,206.5
20160331,Rockets,100,Bulls,103,215.5
20160331,Bulls,103,Rockets,100,215.5
20160331,Thunder,119,Clippers,117,209.5
20160331,Clippers,117,Thunder,119,209.5
20160331,Trailblazers,116,Celtics,109,213
20160331,Celtics,109,Trailblazers,116,213
20160401,Bucks,113,Magic,110,208.5
20160401,Magic,110,Bucks,113,208.5
20160401,Grizzlies,95,Raptors,99,197.5
20160401,Raptors,99,Grizzlies,95,197.5
20160401,Hawks,108,Cavaliers,110,206.5
20160401,Cavaliers,110,Hawks,108,206.5
20160401,Hornets,100,Seventysixers,91,208.5
20160401,Seventysixers,91,Hornets,100,208.5
20160401,Jazz,98,Timberwolves,85,192.5
20160401,Timberwolves,85,Jazz,98,192.5
20160401,Kings,106,Heat,112,212
20160401,Heat,112,Kings,106,212
20160401,Knicks,105,Nets,91,202
20160401,Nets,91,Knicks,105,202
20160401,Pistons,89,Mavericks,98,205
20160401,Mavericks,98,Pistons,89,205
20160401,Suns,99,Wizards,106,213.5
20160401,Wizards,106,Suns,99,213.5
20160401,Warriors,106,Celtics,109,222
20160401,Celtics,109,Warriors,106,222
20160402,Bulls,90,Pistons,94,205.5
20160402,Pistons,94,Bulls,90,205.5
20160402,Nuggets,106,Kings,115,217.5
20160402,Kings,115,Nuggets,106,217.5
20160402,Seventysixers,102,Pacers,115,203.5
20160402,Pacers,115,Seventysixers,102,203.5
20160402,Spurs,102,Raptors,95,196.5
20160402,Raptors,95,Spurs,102,196.5
20160402,Trailblazers,110,Heat,93,209
20160402,Heat,93,Trailblazers,110,209
20160403,Bucks,98,Bulls,102,202.5
20160403,Bulls,102,Bucks,98,202.5
20160403,Cavaliers,112,Hornets,103,203.5
20160403,Hornets,103,Cavaliers,112,203.5
20160403,Clippers,114,Wizards,109,206.5
20160403,Wizards,109,Clippers,114,206.5
20160403,Knicks,87,Pacers,92,195.5
20160403,Pacers,92,Knicks,87,195.5
20160403,Lakers,100,Celtics,107,208.5
20160403,Celtics,107,Lakers,100,208.5
20160403,Magic,119,Grizzlies,107,206
20160403,Grizzlies,107,Magic,119,206
20160403,Nets,87,Pelicans,106,203
20160403,Pelicans,106,Nets,87,203
20160403,Rockets,118,Thunder,110,222
20160403,Thunder,110,Rockets,118,222
20160403,Suns,86,Jazz,101,193.5
20160403,Jazz,101,Suns,86,193.5
20160403,Timberwolves,78,Mavericks,88,206
20160403,Mavericks,88,Timberwolves,78,206
20160403,Warriors,136,Trailblazers,111,227
20160403,Trailblazers,111,Warriors,136,227
20160405,Bucks,80,Cavaliers,109,203
20160405,Cavaliers,109,Bucks,80,203
20160405,Clippers,103,Lakers,81,208
20160405,Lakers,81,Clippers,103,208
20160405,Grizzlies,108,Bulls,92,200.5
20160405,Bulls,92,Grizzlies,108,200.5
20160405,Hawks,103,Suns,90,207
20160405,Suns,90,Hawks,103,207
20160405,Heat,107,Pistons,89,202
20160405,Pistons,89,Heat,107,202
20160405,Jazz,86,Spurs,88,183.5
20160405,Spurs,88,Jazz,86,183.5
20160405,Kings,107,Trailblazers,115,222
20160405,Trailblazers,115,Kings,107,222
20160405,Nuggets,102,Thunder,124,217.5
20160405,Thunder,124,Nuggets,102,217.5
20160405,Raptors,96,Hornets,90,201.5
20160405,Hornets,90,Raptors,96,201.5
20160405,Seventysixers,107,Pelicans,93,206.5
20160405,Pelicans,93,Seventysixers,107,206.5
20160405,Warriors,117,Timberwolves,124,226
20160405,Timberwolves,124,Warriors,117,226
20160406,Celtics,104,Pelicans,97,207.5
20160406,Pelicans,97,Celtics,104,207.5
20160406,Knicks,97,Hornets,111,196.5
20160406,Hornets,111,Knicks,97,196.5
20160406,Lakers,81,Clippers,91,203.5
20160406,Clippers,91,Lakers,81,203.5
20160406,Magic,104,Pistons,108,208.5
20160406,Pistons,108,Magic,104,208.5
20160406,Mavericks,88,Rockets,86,206
20160406,Rockets,86,Mavericks,88,206
20160406,Pacers,123,Cavaliers,109,198
20160406,Cavaliers,109,Pacers,123,198
20160406,Trailblazers,120,Thunder,115,218
20160406,Thunder,115,Trailblazers,120,218
20160406,Wizards,121,Nets,103,210.5
20160406,Nets,103,Wizards,121,210.5
20160407,Hawks,95,Raptors,87,200
20160407,Raptors,87,Hawks,95,200
20160407,Heat,106,Bulls,98,204.5
20160407,Bulls,98,Heat,106,204.5
20160407,Kings,97,Timberwolves,105,220
20160407,Timberwolves,105,Kings,97,220
20160407,Rockets,115,Suns,124,214
20160407,Suns,124,Rockets,115,214
20160407,Warriors,112,Spurs,101,208
20160407,Spurs,101,Warriors,112,208
20160408,Celtics,124,Bucks,109,204.5
20160408,Bucks,109,Celtics,124,204.5
20160408,Hornets,113,Nets,99,207
20160408,Nets,99,Hornets,113,207
20160408,Jazz,99,Clippers,102,184.5
20160408,Clippers,102,Jazz,99,184.5
20160408,Magic,112,Heat,109,208
20160408,Heat,109,Magic,112,208
20160408,Mavericks,103,Grizzlies,93,192.5
20160408,Grizzlies,93,Mavericks,103,192.5
20160408,Nuggets,102,Spurs,98,198
20160408,Spurs,98,Nuggets,102,198
20160408,Pelicans,110,Lakers,102,202.5
20160408,Lakers,102,Pelicans,110,202.5
20160408,Pistons,112,Wizards,99,205.5
20160408,Wizards,99,Pistons,112,205.5
20160408,Raptors,111,Pacers,98,194.5
20160408,Pacers,98,Raptors,111,194.5
20160408,Seventysixers,102,Knicks,109,204
20160408,Knicks,109,Seventysixers,102,204
20160409,Bulls,105,Cavaliers,102,205
20160409,Cavaliers,102,Bulls,105,205
20160409,Grizzlies,99,Warriors,100,212
20160409,Warriors,100,Grizzlies,99,212
20160409,Hawks,118,Celtics,107,207
20160409,Celtics,107,Hawks,118,207
20160409,Kings,114,Thunder,112,226
20160409,Thunder,112,Kings,114,226
20160409,Pelicans,100,Suns,121,209
20160409,Suns,121,Pelicans,100,209
20160409,Trailblazers,105,Timberwolves,106,215
20160409,Timberwolves,106,Trailblazers,105,215
20160410,Clippers,98,Mavericks,91,195
20160410,Mavericks,91,Clippers,98,195
20160410,Heat,118,Magic,96,211.5
20160410,Magic,96,Heat,118,211.5
20160410,Knicks,89,Raptors,93,195
20160410,Raptors,93,Knicks,89,195
20160410,Nuggets,84,Jazz,100,192
20160410,Jazz,100,Nuggets,84,192
20160410,Pacers,129,Nets,105,204
20160410,Nets,105,Pacers,129,204
20160410,Rockets,130,Lakers,110,213
20160410,Lakers,110,Rockets,130,213
20160410,Seventysixers,108,Bucks,109,205
20160410,Bucks,109,Seventysixers,108,205
20160410,Spurs,86,Warriors,92,205
20160410,Warriors,92,Spurs,86,205
20160410,Wizards,113,Hornets,98,206.5
20160410,Hornets,98,Wizards,113,206.5
20160411,Cavaliers,109,Hawks,94,204
20160411,Hawks,94,Cavaliers,109,204
20160411,Celtics,100,Hornets,114,210
20160411,Hornets,114,Celtics,100,210
20160411,Jazz,92,Mavericks,101,180.5
20160411,Mavericks,101,Jazz,92,180.5
20160411,Magic,107,Bucks,98,209.5
20160411,Bucks,98,Magic,107,209.5
20160411,Nets,111,Wizards,120,213
20160411,Wizards,120,Nets,111,213
20160411,Pelicans,116,Bulls,121,206
20160411,Bulls,121,Pelicans,116,206
20160411,Suns,101,Kings,105,218.5
20160411,Kings,105,Suns,101,218.5
20160411,Thunder,112,Lakers,79,215.5
20160411,Lakers,79,Thunder,112,215.5
20160411,Timberwolves,105,Rockets,129,216.5
20160411,Rockets,129,Timberwolves,105,216.5
20160412,Clippers,110,Grizzlies,84,198.5
20160412,Grizzlies,84,Clippers,110,198.5
20160412,Pacers,102,Knicks,90,197.5
20160412,Knicks,90,Pacers,102,197.5
20160412,Pistons,93,Heat,99,199.5
20160412,Heat,99,Pistons,93,199.5
20160412,Raptors,122,Seventysixers,98,204
20160412,Seventysixers,98,Raptors,122,204
20160412,Spurs,102,Thunder,98,203
20160412,Thunder,98,Spurs,102,203
20160413,Bucks,92,Pacers,97,201.5
20160413,Pacers,97,Bucks,92,201.5
20160413,Bulls,115,Seventysixers,105,209.5
20160413,Seventysixers,105,Bulls,115,209.5
20160413,Cavaliers,110,Pistons,112,195.5
20160413,Pistons,112,Cavaliers,110,195.5
20160413,Celtics,98,Heat,88,206
20160413,Heat,88,Celtics,98,206
20160413,Hornets,117,Magic,103,211
20160413,Magic,103,Hornets,117,211
20160413,Lakers,101,Jazz,96,194.5
20160413,Jazz,96,Lakers,101,194.5
20160413,Mavericks,91,Spurs,96,187
20160413,Spurs,96,Mavericks,91,187
20160413,Nets,96,Raptors,103,206
20160413,Raptors,103,Nets,96,206
20160413,Rockets,116,Kings,81,220.5
20160413,Kings,81,Rockets,116,220.5
20160413,Suns,114,Clippers,105,205
20160413,Clippers,105,Suns,114,205
20160413,Timberwolves,144,Pelicans,109,213
20160413,Pelicans,109,Timberwolves,144,213
20160413,Trailblazers,107,Nuggets,99,216.5
20160413,Nuggets,99,Trailblazers,107,216.5
20160413,Warriors,125,Grizzlies,104,213
20160413,Grizzlies,104,Warriors,125,213
20160413,Wizards,109,Hawks,98,209
20160413,Hawks,98,Wizards,109,209
20160416,Hawks,102,Celtics,101,205.5
20160416,Celtics,101,Hawks,102,205.5
20160416,Raptors,90,Pacers,100,194
20160416,Pacers,100,Raptors,90,194
20160416,Thunder,108,Mavericks,70,206
20160416,Mavericks,70,Thunder,108,206
20160416,Warriors,104,Rockets,78,225.5
20160416,Rockets,78,Warriors,104,225.5
20160417,Cavaliers,106,Pistons,101,201.5
20160417,Pistons,101,Cavaliers,106,201.5
20160417,Clippers,115,Trailblazers,95,210.5
20160417,Trailblazers,95,Clippers,115,210.5
20160417,Heat,123,Hornets,91,200
20160417,Hornets,91,Heat,123,200
20160417,Spurs,106,Grizzlies,74,189.5
20160417,Grizzlies,74,Spurs,106,189.5
20160418,Raptors,98,Pacers,87,194
20160418,Pacers,87,Raptors,98,194
20160418,Thunder,84,Mavericks,85,201
20160418,Mavericks,85,Thunder,84,201
20160418,Warriors,115,Rockets,106,217
20160418,Rockets,106,Warriors,115,217
20160419,Hawks,89,Celtics,72,206
20160419,Celtics,72,Hawks,89,206
20160419,Spurs,94,Grizzlies,68,187.5
20160419,Grizzlies,68,Spurs,94,187.5
20160420,Cavaliers,107,Pistons,90,201.5
20160420,Pistons,90,Cavaliers,107,201.5
20160420,Clippers,102,Trailblazers,81,209
20160420,Trailblazers,81,Clippers,102,209
20160420,Heat,115,Hornets,103,199.5
20160420,Hornets,103,Heat,115,199.5
20160421,Mavericks,102,Thunder,131,198
20160421,Thunder,131,Mavericks,102,198
20160421,Pacers,85,Raptors,101,194
20160421,Raptors,101,Pacers,85,194
20160421,Rockets,97,Warriors,96,215.5
20160421,Warriors,96,Rockets,97,215.5
20160422,Celtics,111,Hawks,103,202
20160422,Hawks,103,Celtics,111,202
20160422,Grizzlies,87,Spurs,96,183
20160422,Spurs,96,Grizzlies,87,183
20160422,Pistons,91,Cavaliers,101,200
20160422,Cavaliers,101,Pistons,91,200
20160423,Hornets,96,Heat,80,198
20160423,Heat,80,Hornets,96,198
20160423,Mavericks,108,Thunder,119,203.5
20160423,Thunder,119,Mavericks,108,203.5
20160423,Pacers,100,Raptors,83,193
20160423,Raptors,83,Pacers,100,193
20160423,Trailblazers,96,Clippers,88,208
20160423,Clippers,88,Trailblazers,96,208
20160424,Celtics,104,Hawks,95,203.5
20160424,Hawks,95,Celtics,104,203.5
20160424,Grizzlies,95,Spurs,116,183
20160424,Spurs,116,Grizzlies,95,183
20160424,Pistons,98,Cavaliers,100,198
20160424,Cavaliers,100,Pistons,98,198
20160424,Rockets,94,Warriors,121,217.5
20160424,Warriors,121,Rockets,94,217.5
20160425,Hornets,89,Heat,85,194.5
20160425,Heat,85,Hornets,89,194.5
20160425,Thunder,118,Mavericks,104,206
20160425,Mavericks,104,Thunder,118,206
20160425,Trailblazers,98,Clippers,84,205
20160425,Clippers,84,Trailblazers,98,205
20160426,Hawks,110,Celtics,83,198
20160426,Celtics,83,Hawks,110,198
20160426,Raptors,102,Pacers,99,194
20160426,Pacers,99,Raptors,102,194
20160427,Clippers,98,Trailblazers,108,197
20160427,Trailblazers,108,Clippers,98,197
20160427,Heat,88,Hornets,90,194
20160427,Hornets,90,Heat,88,194
20160427,Warriors,114,Rockets,81,212
20160427,Rockets,81,Warriors,114,212
20160428,Celtics,92,Hawks,104,198
20160428,Hawks,104,Celtics,92,198
20160429,Hornets,90,Heat,97,191.5
20160429,Heat,97,Hornets,90,191.5
20160429,Pacers,101,Raptors,83,194
20160429,Raptors,83,Pacers,101,194
20160429,Trailblazers,106,Clippers,103,198.5
20160429,Clippers,103,Trailblazers,106,198.5
20160430,Spurs,124,Thunder,92,201
20160430,Thunder,92,Spurs,124,201
20160501,Heat,106,Hornets,73,191
20160501,Hornets,73,Heat,106,191
20160501,Raptors,89,Pacers,84,189.5
20160501,Pacers,84,Raptors,89,189.5
20160501,Warriors,118,Trailblazers,106,210
20160501,Trailblazers,106,Warriors,118,210
20160502,Cavaliers,104,Hawks,93,200.5
20160502,Hawks,93,Cavaliers,104,200.5
20160502,Spurs,97,Thunder,98,200
20160502,Thunder,98,Spurs,97,200
20160503,Raptors,96,Heat,102,191.5
20160503,Heat,102,Raptors,96,191.5
20160503,Warriors,110,Trailblazers,99,212
20160503,Trailblazers,99,Warriors,110,212
20160504,Cavaliers,123,Hawks,98,198
20160504,Hawks,98,Cavaliers,123,198
20160505,Raptors,96,Heat,92,189
20160505,Heat,92,Raptors,96,189
20160506,Hawks,108,Cavaliers,121,199
20160506,Cavaliers,121,Hawks,108,199
20160506,Thunder,96,Spurs,100,199.5
20160506,Spurs,100,Thunder,96,199.5
20160507,Heat,91,Raptors,95,187
20160507,Raptors,95,Heat,91,187
20160507,Trailblazers,120,Warriors,108,213
20160507,Warriors,108,Trailblazers,120,213
20160508,Hawks,99,Cavaliers,100,204.5
20160508,Cavaliers,100,Hawks,99,204.5
20160508,Thunder,111,Spurs,97,199
20160508,Spurs,97,Thunder,111,199
20160509,Heat,94,Raptors,87,192
20160509,Raptors,87,Heat,94,192
20160509,Trailblazers,125,Warriors,132,215.5
20160509,Warriors,132,Trailblazers,125,215.5
20160510,Spurs,91,Thunder,95,199
20160510,Thunder,95,Spurs,91,199
20160511,Raptors,99,Heat,91,189
20160511,Heat,91,Raptors,99,189
20160511,Warriors,125,Trailblazers,121,217.5
20160511,Trailblazers,121,Warriors,125,217.5
20160512,Thunder,113,Spurs,99,197.5
20160512,Spurs,99,Thunder,113,197.5
20160513,Heat,103,Raptors,91,189
20160513,Raptors,91,Heat,103,189
20160515,Raptors,116,Heat,89,188
20160515,Heat,89,Raptors,116,188
20160516,Warriors,102,Thunder,108,224.5
20160516,Thunder,108,Warriors,102,224.5
20160517,Cavaliers,115,Raptors,84,199.5
20160517,Raptors,84,Cavaliers,115,199.5
20160518,Warriors,118,Thunder,91,223
20160518,Thunder,91,Warriors,118,223
20160519,Cavaliers,108,Raptors,89,198
20160519,Raptors,89,Cavaliers,108,198
20160521,Raptors,99,Cavaliers,84,199
20160521,Cavaliers,84,Raptors,99,199
20160522,Thunder,133,Warriors,105,220
20160522,Warriors,105,Thunder,133,220
20160523,Raptors,105,Cavaliers,99,197.5
20160523,Cavaliers,99,Raptors,105,197.5
20160524,Thunder,118,Warriors,94,222
20160524,Warriors,94,Thunder,118,222
20160525,Cavaliers,116,Raptors,78,197
20160525,Raptors,78,Cavaliers,116,197
20160526,Warriors,120,Thunder,111,220.5
20160526,Thunder,111,Warriors,120,220.5
20160527,Raptors,87,Cavaliers,113,198.5
20160527,Cavaliers,113,Raptors,87,198.5
20160528,Thunder,101,Warriors,108,220.5
20160528,Warriors,108,Thunder,101,220.5
20160530,Warriors,96,Thunder,88,218
20160530,Thunder,88,Warriors,96,218
20160602,Warriors,104,Cavaliers,89,208
20160602,Cavaliers,89,Warriors,104,208
20160605,Warriors,110,Cavaliers,77,209
20160605,Cavaliers,77,Warriors,110,209
20160608,Cavaliers,120,Warriors,90,206
20160608,Warriors,90,Cavaliers,120,206
20160610,Cavaliers,97,Warriors,108,206.5
20160610,Warriors,108,Cavaliers,97,206.5
20160613,Warriors,97,Cavaliers,112,207.5
20160613,Cavaliers,112,Warriors,97,207.5
20160616,Cavaliers,115,Warriors,101,207.5
20160616,Warriors,101,Cavaliers,115,207.5
20160619,Warriors,89,Cavaliers,93,206.5
20160619,Cavaliers,93,Warriors,89,206.5